Unnamed: 0,연령,성별,상황키워드,전체선톡,감정_대분류,감정_소분류,사람문장1,시스템문장1,사람문장2,시스템문장2,사람문장3,시스템문장3
44928,청소년,남성,가족관계,해당없음,당황,혼란스러운,요즘 주변에서 부모님들과 여행 다녀온 아이들을 보면 너무 부러워.,주변 친구들을 부러워하고 계셨군요.,엄마가 이혼하신 게 다 나 때문인 것만 같아 죄책감이 들어.,죄책감에서 벗어나기 위해 무언가 할 수 있는 것은 있을까요?,엄마에게 편지라도 써봐야겠어.,편지 쓰는 것을 통해 기분이 나아지길 바라요.
25925,노년,여성,재정,만성질환 무,불안,취약한,나와 남편은 귀가 얇아서 사기를 잘 당해서 재정이 취약하고 늘 불안해.,귀가 얇아 사기를 잘 당하는 게 불안하시군요.,귀가 얇은 걸 어떻게 해야 될지 모르겠어.,정말 고민이시겠어요. 어떻게 하면 좋을까요?,밖에 잘 나가지 않고 남편이랑 집에 자주 있어야겠어.,밖에 잘나가지 않고 집에 있을 생각이시군요.
47385,노년,남성,재정,만성질환 무,분노,구역질 나는,오늘도 폐지 주워 오천 원밖에 못 벌었어. 앞으로 어떻게 살지 왜 난 이따위 사람일까.,만족스럽지 못한 소득 문제로 인해 괴로우시군요.,앞으로 어떻게 먹고살아야 할지나 고민하다니 진짜 한심하기 짝이 없지.,지금 기분을 바꾸기 위한 방법으로는 어떤 것이 있을까요?,방법이 없어. 난 계속 이렇게 살다가 가겠지.,지금 상황을 나눌 수 있는 사람이 주변에 있으면 좋겠네요.
8571,청년,여성,대인관계,해당없음,불안,스트레스 받는,우리 언니는 왜 나한테 사사건건 간섭일까? 스트레스다 정말.,그러면 정말 스트레스겠어요.,내 옷 화장 밥 먹기 모든 것에 잔소리를 늘어놓아. 자기가 내 남자 친구야?,그 간섭에서 벗어날 좋은 방법이 있지 않을까요?,따로 나가 살든지 해야지 못 살아 정말.,어떤 결정을 내리시더라도 문제가 잘 해결되었으면 좋겠어요.
3228,청년,여성,"진로,취업,직장",해당없음,불안,회의적인,오늘 이직 면접을 보고 왔는데 괜히 보고 왔나 봐. 면접 간 게 후회돼.,이직 면접에서 후회되는 일이 있으셨어요?,내가 마음에 안 들었는지 면접관 반응이 시원찮더라고. 그럼 떨어지겠지?,면접관 반응이 좋지 않아서 좋은 결과를 기대하지 않으시는군요.,나도 여기 꼭 가고 싶었던 곳은 아니니까 신경 안 쓸래. 다음 이직 면접 준비나 잘해야겠어.,좋은 생각이에요. 다음 면접에서 좋은 결과 있으시길 바랄게요.
49370,중년,여성,"대인관계(부부, 자녀)",해당없음,당황,외로운,내가 자식들을 잘 보지 못했다는 이유로 남편에게 이혼을 당했어.,그런 상황이 생겨서 많이 속상하시겠어요.,앞으로 가족 없이 혼자 남을 생각에 너무나도 두려워. 아이들에게도 미안하고.,부정적인 감정을 변화시키기 위해서 할 수 있는 일이 있을까요?,내 잘못을 인정하고 가족들과 관계를 다시 쌓아가려고 해야겠어.,지금의 다짐을 통해서 상황을 극복하시길 바라요.
31225,노년,여성,재정,만성질환 유,분노,툴툴대는,자식들은 연락도 없고 우리 집에 놀러도 오지 않아.,자식들에게 매우 속상하시겠어요.,남편은 옆에서 날 위해주지만 자식들은 다 자기살기 바빠. 나는 자식도 보고 싶은데.,자식들과 연락은 해 보셨어요?,전화도 잘 안 받아. 남편이랑 가끔 기분전환 삼아 커피 마시러 나가기만 해.,남편과의 외출이 기분전환에 도움이 되길 바라요.
45121,청소년,여성,학교폭력/따돌림,해당없음,분노,좌절한,친구가 오늘 학교폭력을 당하는 것을 봤는데 모른 척하고 왔어. 너무 한심해.,친구를 도와주지 못해서 매우 속상하시군요.,그 친구를 도와줄 용기가 없었어.,이 문제를 해결하려면 어떻게 하면 좋을까요?,가장 친한 친구에게 오늘 겪은 일에 대해서 말해봐야겠어.,친구와 대화를 통해 좋은 해결책이 나왔으면 좋겠어요.
38949,노년,여성,재정,만성질환 무,분노,방어적인,코로나가 우리의 일상을 많이 바꾸어 놓았어.,네. 어떤 경우 이신대요?,지인의 아들이 직장을 잃고 부모님 댁에 얹혀살게 된 모양이야.,지인분이 걱정이 많으시겠네요.,어쩔 수 없긴 하지만 많이 속상해하는 모습이 안타까워.,네. 그러시겠어요.
885,청년,여성,"연애,결혼,출산",해당없음,당황,부끄러운,어리게만 보았던 후배가 내게 고백했는데 당황스러워서 어떻게 해야 할지 모르겠네.,갑작스럽게 고백을 받아 당황스러우신가 봐요.,심지어 내 얼굴을 빤히 보면서 나를 좋아한다고 말하니까 정말 부끄럽더라.,많이 부끄러우셨을 것 같네요. 앞으로 어떻게 하실 건지 생각해 보셨나요?,하루 정도는 생각을 해 봐야 할 것 같아. 내일 저녁에 답을 해 주려고 해.,후회 없는 결정을 내리시길 바라요.
11807,중년,남성,"대인관계(부부, 자녀)",해당없음,분노,짜증내는,어제 배우자와 크게 싸웠어. 나를 너무 이해해주지 않아.,배우자에게 이해받지 못해 매우 속상하셨겠어요.,사사건건 트집이고 화만 내서 너무 싫어.,대화가 잘 안 되어서 답답하고 화가 나시겠어요.,,
44347,청년,여성,대인관계,해당없음,분노,짜증내는,상상 속의 나는 성공한 여성인데 막상 현실의 나는 미래가 안 보이는 사람이야.,상상과 현실 속의 자신이 달라서 속상하시겠어요.,현실에선 노력도 안 하면서 성공만 바라는 낸 자신이 지긋지긋해.,이 상황을 극복하기 위해 어떻게 해야 할까요?,상상만 하지 말고 그 상상을 실천에 옮기는 연습을 시작해야 할 것 같아.,꾸준한 실천과 노력으로 이 상황을 잘 극복해나가길 바라요.
39647,노년,남성,재정,만성질환 유,불안,당혹스러운,젊어서 일을 열심히 했더니 이제 나이를 먹으니 체력적으로 한계를 느끼게 되니 서글픈 생각이 들어. 일을 더 하고 싶은데 하는데 일자리도 없겠지만 나 스스로의 체력의 한계에.,네 젊어서 일을 열심히 하셔서 일에 대한 애착 즉 성취감을 즐기셨나 보군요.,물론 나도 일을 좋아하고 성공하면 성취감에 빠져 사는 칭찬 받는 것을 좋아하는 일군이었지. 그러나 지금은 일을 할 수 없을 정도로 몸이 채력적으로 부실하니 어쩔 수 없네.,체력적으로 부실하여 일하기 힘드시군요.,맞아. 체력이 좋지 않으니 일의 효율도 떨어지고 집중도 못 한다네.,체력의 한계 때문에 일에 집중하지 못하시는군요.
28959,청년,남성,대인관계,해당없음,슬픔,눈물이 나는,친구가 힘들다고 나에게 털어놓는데 나는 아무런 도움을 줄 수 없는 상황이야.,힘든 친구에게 도움을 줄 수 없어서 답답한 마음이 드실 것 같아요.,아무런 도움이 되지 못하는 내가 너무 원망스러워.,친구에게 다른 도움을 줄 수 있는 방법은 없을까요?,정신적인 도움이 되어 줄 방법이 있겠어. 옆에서 위로를 해 주는 것만으로도 큰 힘이 될 거야.,친구가 위로의 말을 듣고 힘을 내시면 좋겠어요.
5236,청년,여성,"연애,결혼,출산",해당없음,불안,두려운,남자친구가 나를 사랑한다고 하지만 내가 그 마음을 믿고 온전히 사랑해도 될지 가끔 무서워.,남자친구가 한결같이 사랑해 줄지 가끔 걱정이 되고 무서워지는 것이네요. 특별히 그런 감정을 느끼게 되는 순간이 있을까요?,남자친구가 유독 사랑스럽게 느껴질 때 그런 것 같아. 그럴 때면 나는 점점 더 좋아지고 있는데 남자친구는 마음이 식을까 봐 걱정이 되는 거지.,좋은 마음과 비례하여 무서움이 생겨나시는 거네요. 어떻게 하면 무서운 마음이 들지 않게 할 수 있을까요?,나 혼자만의 노력으로는 쉽지 않을 것 같아. 남자친구에게 마음을 토로해봐야겠어.,남자친구와 마음을 터놓고 대화를 나눠보실 생각이신 거네요.
37358,청소년,여성,학업 및 진로,해당없음,상처,질투하는,내 벗이 이번에 나보다 점수를 잘 맞았어. 솔직히 많이 질투가 나.,질투가 나시겠어요. 어떻게 하면 성적을 보다 올릴 수 있을까요?,금일부터 공부를 열심히 할 거야.,멋져요. 언제나 응원할게요.,,
22917,중년,남성,건강,해당없음,슬픔,실망한,입원했다고 전화를 했는데도 아무도 병문안을 오지 않았어. 너무 슬퍼.,아픈데 병문안을 와주는 사람조차 없어 슬프시겠군요.,같은 병실사람들은 가족들과 지인들이 많이 오던데 나만 혼자야. 진짜 속상해.,속상함을 풀기위해 뭘 하면 좋을까요?,일단 산책 좀 해야겠어. 그러다보면 기분이 풀릴 것 같아.,그렇게 해서 주변 사람들과 더욱 가까워지고 건강 회복하길 바라요.
50195,청소년,여성,가족관계,해당없음,당황,외로운,수진이한테 틱이 있다고 반 친구들한테 크게 얘기해서 상처받았나 봐. 수진이랑 멀어질까 봐 두려워.,친구에게 상처를 준 게 마음에 걸리시는군요.,반 친구들 앞에서 쪽팔리게 만들었으니 앞으로 수진이 얼굴을 어떻게 보지?,두려운 기분을 풀어줄 수 있는 방법이 있을까요?,내가 잘 못 했다고 미안하다고 사과를 하면 풀어지면 좋겠는데.,사과로 친구의 기분이 풀리면 좋겠네요.
48635,노년,남성,재정,만성질환 무,슬픔,낙담한,나이가 들어 있을 하고 싶어도 써주질 않아. 경제적인 여유가 없는 내가 너무 안쓰러워.,일자리가 없고 경제적인 어려움이 있어 안타까운 상황이시군요.,사회에서의 내 역할을 다할 수 없음에 슬프고 앞으로는 어떻게 살아가야 할지 걱정이야.,사회적 역할의 상실감을 겪고 계시는군요. 어떻게 극복하면 좋을까요?,노년 일자리 센터에 상담 신청을 하고 방법을 강구해봐야겠어.,상담을 잘 받으시고 좋은 방법을 찾으시길 바라요.
7951,노년,남성,"건강,죽음",만성질환 유,불안,불안,몸이 왜 이런지 모르겠어.,몸에 이상을 느끼신 것 같아요. 어떤 증세가 있으신 건가요?,어지럽고 힘이 없어.,병원에 가보셨어요?,응 병원에서는 아무 이상이 없데.,건강에 대한 불안감이 있으시군요.
45951,청소년,남성,가족관계,해당없음,상처,버려진,부모님 두 분이 아무도 나에게 관심이 없으신가 봐. 혼자가 된 것 같아.,무관심으로 인해 힘드시군요. 어떠한 일이 그러한 감정을 느끼게 했나요?,부모님의 도움이 필요한 숙제가 있는데 그냥 나 혼자 하래.,함께하지 못해 아주 슬프시겠어요. 어떻게 해결하는 것이 좋을까요?,한 번 더 말씀드려 보려고. 안 되면 진짜 어쩔 수 없지 뭐.,꼭 대화로 해결됐으면 좋겠어요.
29044,청소년,남성,학업 및 진로,해당없음,당황,외로운,요즘 학업 때문에 친구들이랑 못 만나서 외톨이가 된 기분이야.,친구들이랑 못만나서 외톨이가 된 기분이군요.,맞아. 그래서 친구들과 함께 학업을 쌓아야 할 것 같아.,친구들과 함께 학업을 쌓으실 거군요.,좋았어. 내일 부터 친구들과 도서실 가야 겠어.,내일부터 친구들과 도서관에 가실 거군요.
3157,청년,여성,"진로,취업,직장",해당없음,당황,혼란스러운,처음 출근한 직장이 낯설어서 너무 혼란스러워.,새 직장이 아직 낯설고 혼란스러우시군요.,응. 나만 초보자고 다른 사람들은 다 능숙해 보여.,다른 동료들은 다 능숙해 보여서 고민이 많으시군요.,,
16052,노년,남성,재정,만성질환 유,슬픔,슬픔,내가 자식들에게 물려줄 유산이 하나도 없다는 사실에 너무 슬퍼.,유산을 물려줄 수 없는 재정 상황 때문에 마음이 매우 어려우시군요.,젊을 때에 돈을 많이 벌지 못했던 것이 너무 후회가 되고 자식들에게 미안해.,많이 힘드실 것 같아요. 앞으로 어떻게 하는 것이 좋을까요?,자식들에게 짐이 되지 않으려면 내 생활비는 내가 벌어야겠어.,재정 문제가 해결되어 슬픈 마음이 사라지면 좋겠어요.
23688,중년,여성,건강,해당없음,불안,혼란스러운,요즘 기분이 너무 오락가락한데 나도 이런 내 기분이 혼란스러워.,기분이 오락가락해서 혼란스러우시군요.,원래 평온했었는데 요즘 너무 오락가락하는 것 같아.,이러한 상황에서는 어떻게 대처해야 할까요?,기분이 왜 오락가락하는지 병원에 가서 검사를 받고 의사의 말을 잘 들어야겠어.,친구들과의 대화로 기분이 나아지셨으면 좋겠어요.
13076,청년,여성,"진로,취업,직장",해당없음,당황,외로운,팀 내에서 나를 은근 따돌리는 것 같아. 너무 힘들어,많이 힘드시겠네요. 더 구체적으로 말씀해 주시겠어요?,대놓고 따돌리지는 않지만 은근히 나를 피하는 게 느껴져.,그렇군요. 어떻게 하면 이 문제를 잘 극복할 수 있을까요?,팀원들에게 먼저 다가가거나 친해지려고 노력을 해봐야겠어.,그 노력으로 팀원들과 잘 지내 고민이 없어지길 바라요.
44702,청소년,여성,가족관계,해당없음,상처,"가난한, 불우한",내 남자 친구는 좋은 대학에 붙었는데 나는 다 떨어졌어. 나는 정말 불행한 것 같아.,원하는 대학교에 합격하지 못해 상심이 크셨겠어요.,남자 친구가 나와 더는 만나고 싶지 않아 하면 어쩌지?,걱정되는 마음이 들 때 환기시키기 위한 방법이 있을까요?,내가 너무 비관적으로 생각하는 것 같아. 긍정적으로 생각해야겠어.,긍정적인 생각으로 고민이 잘 해결됐으면 좋겠어요.
19388,청소년,여성,학교폭력/따돌림,해당없음,상처,배신당한,난 그 친구가 무서워서 가담한 건데 억울하게 선생님 앞에서 친구가 나를 주동자로 지목했어.,억울하게 선생님 앞에서 친구가 나를 주동자로 지목했군요. 조금 더 자세히 말씀해 주시겠어요?,나는 반 친구를 따돌림 시키는 데 가담했어. 나도 잘못했지만 주동자로 몰려서 억울해.,그랬군요. 이 상황에서 할 수 있는 좋은 해결 방법이 있을까요?,나도 따돌림을 당할까 봐 무서워서 가담했다고 솔직히 말할래.,친구와의 대화가 잘 풀리길 바라요.
10563,중년,여성,건강,해당없음,슬픔,실망한,홈 트레이닝을 석 달 동안 정말 열심히 했는데 별로 달라진 게 없어.,열심히 하셨는데 결과가 생각만큼 안 나와서 실망하셨군요.,체중이나 다른 수치들이 나아진 게 별로 없어. ,결과가 실망스러워서 의욕이 떨어지셨군요.,모르겠어. 지금은 그냥 결과가 실망스러울 뿐이야.,의욕을 높이려면 어떤 방법이 좋을까요?
33138,중년,여성,"직장, 업무 스트레스",해당없음,분노,분노,거래처 직원이 결재 대금을 가지고 잠적했어.,거래처 직원이 결재 대금을 가지고 잠적했군요. 어떻게 하면 좋을까요?,너무 화가 나서 아무 일도 손에 잡히지 않아.,너무 화가 나서 정신이 없군요. ,경찰에 신고해서 꼭 잡을 거야.,잠적한 직원을 경찰에 신고하실 계획이군요.
41406,노년,남성,대인관계,만성질환 무,분노,방어적인,기러기 생활을 십 년 하다 보니 가족들이랑 유대감이 많이 떨어져서 대화하기 힘들어,오랜시간 가족과 떨어져 지내셨군요. 어떤 부분이 대화하기에 힘이 드신가요?,아내랑 자식들 마음도 잘 모르겠고 대화하다보면 공감되는 부분이 거의 없어. 자식들이 아내한테만 의지하니까 내가 부족한가 싶기도 하고,자신이 부족하다고 느끼셨군요. 공감되는 주제를 먼저 꺼내보시는건 어떠신가요?,안 그래도 노력해보고 있어. 하지만 뜻대로 잘 안 돼.,노력에도 불구하고 뜻대로 되지 않아 답답하시겠어요. 
7415,중년,남성,건강,해당없음,불안,걱정스러운,의사에게 검사 결과를 들어보면 매번 정상이라고 하는데 나는 도저히 못 믿겠어.,의사의 말에 믿음이 안가시는군요.,난 분명히 안 좋은 것 같은데 자꾸 괜찮다고만 하니까.,나와 의사의 생각이 달라서 많이 혼란스러우신 거군요. 혹시 구체적으로 어디가 아프다고 느끼시나요?,어디가 아픈 건 아닌데 자꾸 추가검사를 하고 병원에 잡아두니까 그런 생각이 들어.,자꾸 추가적인 검사를 하니까 어딘가 문제가 있다고 생각이 드시는군요.
17747,노년,남성,재정,만성질환 무,불안,걱정스러운,연금 수령액을 오늘 계산해봤는데 생활하기에 조금 빠듯할 것 같아.,연금 수령액 때문에 생활에 불편함이 올까 걱정이 많으시겠어요.,이 정도로는 부족할 것 같은데 어쩌면 좋지?,어떤 방법이 가장 좋으실 거라 생각하시나요?,아무래도 지금부터 돈을 더 모으거나 절약을 하며 살아야겠지.,돈을 더 모으거나 절약하는 방법으로 상황이 해결되면 좋겠어요.
11338,청년,여성,대인관계,해당없음,기쁨,신뢰하는,친구가 나한테 정말 큰 비밀을 얘기해 줬어.,친구분께서 속에 담아두었던 얘기를 해주었나 보네요.,나를 정말 신뢰하나 봐. 그 친구에게 신뢰감이 생겼어.,친구의 행동에 따라 나도 덩달아 신뢰감이 생기기도 하지요.,,
47618,청소년,여성,가족관계,해당없음,분노,노여워하는,친구들과 사이도 좋지 않고 부모님도 나에게 관심이 없어. 이 모든 게 내 성격 탓이야.,친구와 부모님의 무관심 때문에 마음이 괴로우시군요.,내가 살갑게 굴지 못해서 그런 것 같아. 난 바보인가 봐.,이 상황에서 할 수 있는 게 어떤 것이 있을까요?,친구들과 부모님에게 솔직하게 이야기를 들어보고 싶어.,친구들과 부모님과의 대화로 기분 전환이 되길 바라요.
45641,중년,남성,"대인관계(부부, 자녀)",해당없음,당황,혼란스러운,부모님과 자녀를 내가 돌보기로 했는데 요즘 체력적으로 힘들어서 제대로 하지 못하고 있어.,부모님과 자녀를 돌보는 과정에 체력적으로 많이 힘드시군요.,그동안 틈틈이 운동도 하면서 내 체력을 기른 후 돌봤어야 했는데 너무 후회스러워.,체력을 돌보지 않아 후회스러우시겠어요.,부모님 자녀를 제대로 돌보지 않았다는 죄책감을 느끼지 않게 지금부터라도 운동을 시작할래.,운동을 통해서 체력을 기르신 후에 이 상황이 호전되었으면 좋겠어요.
34695,청년,남성,대인관계,해당없음,기쁨,편안한,오늘 부모님께 좋은 식당에서 음식을 대접하기로 했어. 기대된다.,부모님께 음식을 대접하기로 하셨군요.,부모님 덕분에 드디어 원하던 곳으로 취업하게 되었거든.,부모님 덕분에 원하는 곳에 취직할 수 있게 되었군요.,부모님께서 나를 항상 믿고 응원해주셨기 때문이야.,부모님을 위해 OO님이 어떤 일을 할 수 있을까요?
10176,중년,남성,"직장, 업무 스트레스",해당없음,분노,방어적인,평소 수행하는 업무도 충분히 부담이지만 새로운 개발 건으로 추가적인 근무 희생을 강요당하는 것 같아서 몹시 스트레스를 받고 부담스러워.,어떤 희생을 강요당하시는지 구체적으로 말씀해 주시겠어요?,엄청나게 큰 희생은 아니긴 한데 아무래도 젊었을 때의 진취적인 업무 태도와는 다르게 나이가 들다 보니 다소 근무 태도에 대한 방어적인 자세를 의도하지 않게 가지게 돼서 더 큰 희생이라고 느껴져.,방어적인 자세를 가지게 되어서 더욱 희생이라고 생각하시는군요. 나이가 들면 다들 방어적인 자세가 되는 건가요?,사람마다 다르긴 한데 나는 유난히 더 그렇더라고.,다른 사람에 비해 더 방어적인 자세를 갖게 되셨군요.
7837,중년,남성,"대인관계(부부, 자녀)",해당없음,분노,성가신,아내가 갑자기 집안일을 도와 달라고 요구하는 데 정말 귀찮아.,가사 문제로 아내분과 문제가 있으신가 봐요.,응. 아내가 요즘 몸이 안 좋아서 도와줘야 하긴 해.,아내분 건강에 문제가 있다니 걱정되시겠어요.,응. 그렇지만 집안일은 너무 귀찮아.,집안일을 하기 귀찮으시군요.
24308,노년,남성,재정,만성질환 유,기쁨,기쁨,병실에서 만난 사람에게 추천 받은 펀드의 수익률이 아주 좋아서 기뻐.,투자한 곳의 수익률이 좋다니 기분이 매우 좋으시겠어요.,귀인을 만나 운수가 잘 풀리니 앞으로도 쭉쭉 올랐으면 좋겠어.,이 기쁜 기분을 누구와 함께 나누고 싶나요?,병실에서 자신도 아프면서 나를 간호해 준 아내와 함께 이 기분을 느끼고 싶어.,모든 것이 좋은 방향이 되길 바라요.
19535,중년,여성,"재정,은퇴,노후준비",해당없음,당황,죄책감의,몸이 약한 아들이 내 탓 인 것만 같아서 죄책감이 들어.,몸이 약한 아들 때문에 많이 속상하시겠어요.,아들이 친구들과 어울리지 못하고 사회생활도 제대로 못 했어.,약한 아들에게 무엇을 해 줄지 생각해 보셨나요?,열심히 일해서 아들이 하고 싶은 것은 무엇이든 해 주고 싶어.,당신 계획대로 돼서 당신의 죄책감이 사라지기 바라요.
12363,청년,남성,대인관계,해당없음,슬픔,우울한,나는 왜 상사와 잘 지내지 못하는 걸까?,회사 상사와 잘 지내지 못해서 우울하신가요?,응. 어떻게 다가가야 할까?,상사와 친해질 방법이 없을까요?,개인적으로 식사를 하자고 먼저 말을 꺼내 볼까?,이 이야기를 함께 나눌 수 있는 사람이 있었으면 좋겠네요.
14149,청소년,여성,학업 및 진로,해당없음,상처,희생된,어릴 때부터 나는 동생을 위해서 너무 많은 것을 포기했어.,동생을 위해 많은 것을 포기했다니 서운한 마음이 크겠어요. 어떤 것들을 포기했나요?,이번에는 동생이 돈이 많이 드는 예체능을 하고싶다고 해서 내가 받고 싶은 과외를 포기했어.,하고 싶던 과외를 포기하다니 많이 속상하셨겠어요.,응. 이번만큼은 정말 동생 때문에 포기하고 싶지 않아.,네. 부모님을 설득해서 잘 조율하시길 바랄게요!
5804,청년,남성,"진로,취업,직장",해당없음,분노,분노,직장 상사가 기분 언짢은 일이 있었는지 그 화풀이로 나에게 엄청난 양의 업무를 지시했어.,과도한 업무량과 부당한 업무 지시로 화가 많이 나시겠어요.,개인적인 일로 상한 기분을 직장에서 풀고자 하는 사람을 도저히 나는 참을 수가 없어.,주변에 도움을 요청할 사람이 있나요? ,내 기분이 너무 나빠서 지금 찾아가서 이야기한다면 좋은 결과를 얻지는 못할 것 같아.,마음이 잘 진정된 뒤에 상사분과 잘 이야기가 되면 좋겠어요. 
45061,청소년,남성,가족관계,해당없음,슬픔,눈물이 나는,나는 부모님이 사소한 일에도 이래라저래라해서 너무 신경 쓰여.,부모님의 간섭 때문에 많이 힘드시네요.,그래서 내가 언제까지 이런 소리를 들어야 하나 너무 슬퍼.,이러한 상황을 어떻게 해결할 수 있을까요?,한번 나 스스로 마음을 굳게 먹고 부모님과 대화를 해볼게.,부모님과의 대화가 도움이 되셨으면 좋겠어요.
10830,청소년,여성,학업 및 진로,해당없음,기쁨,신뢰하는,선생님께 진로 상담을 받았어.,진로 상담을 받았군요. 어떠셨나요?,선생님이 내 진로에 대한 고민을 잘 들어 주셨어. 선생님과 상담하니 마음이 편안해졌어.,선생님과의 상담 시간이 좋은 시간이었나 보군요.,,
31755,중년,여성,건강,해당없음,상처,희생된,아이들 키우느라 무릎이 많이 아파서 힘이 드네.,무릎이 많이 불편한가 보네요.,무거운 거를 많이 들어서 그런 것 같아. 이제는 몸을 좀 보살펴야겠어.,이제는 몸을 소중히 여기려고 하시는군요.,,
26357,청년,여성,대인관계,해당없음,기쁨,편안한,지금 난 엄청 행복해.,최근에 무슨 좋은 일이 있었나요?,얼마 전에 크게 다퉜던 친구와 막 화해했어. ,정말 좋은 소식이네요. 무슨 일이 있었던 건가요?,오랫동안 친한 친구였는데 내가 말실수를 해서 한동안 멀어졌거든. 싸우고 나서 마음이 너무 불편했는데 이젠 편해졌어.,친한 친구와 화해를 해서 마음이 편해지셨군요.
50627,노년,여성,"건강,죽음",만성질환 무,당황,고립된,요즘 당뇨가 심해져서 큰일이야. 일상생활에도 지장이 가고 힘들어.,당뇨가 심해져서 일상생활에까지 지장이 가서 힘드시군요.,내가 식단관리랑 운동을 안 해서 벌 받는 것 같아. 내 병원비를 내주는 자식들한테도 죄책감 들고.,건강관리를 안 해서 자녀분들에게 죄책감이 드시는군요. 지금부터 무엇을 하면 좋을까요?,지금이라도 식단관리랑 운동을 시작해야지.,식단관리와 운동으로 건강을 찾으시길 바라요.
46204,중년,여성,건강,해당없음,당황,열등감,애들을 키우려면 가게를 운영하고 돈을 벌어야 하는데 병 때문에 힘들어.,많이 힘드셨겠어요.,내가 똑똑했었으면 돈도 잘 벌고 아이들에게 다 해줬을 텐데  너무 미안하다.,해주고 싶은 만큼 다 못 해줘서 슬프시군요.,일단 병이나 빨리 치료해서 부담을 줄여야겠어.,원하시는 바를 꼭 이루셨으면 좋겠네요.
7202,중년,여성,"재정,은퇴,노후준비",해당없음,상처,억울한,펀드 매니저를 믿고 펀드를 가입했는데 마이너스 이십 프로야.,펀드에서 손해를 봐 속상하시군요.,가입할 때 내가 너무 위험한 투자가 아니냐고 하니깐 자기가 보장한다고 하고서는 지금은 모른다는 태도야.,변화된 태도로 어이가 없고 억울하시겠어요.,무책임한 펀드 매니저 때문에 억울하고 속상하지만 일단 기다려 보려고 해.,펀드 매니저의 무책임한 행동에 마음이 좋지 않으시군요.
5088,청년,여성,"진로,취업,직장",해당없음,당황,부끄러운,나 오늘도 면접에서 떨어졌는데 창피해서 엄마한테 어떻게 말하지? 벌써 최종에서 떨어진 게 열 번째야.,면접에서 떨어져서 어머니를 볼 면목이 없다고 생각하는군요. ,열 번이나 떨어진 내가 문제가 있는 건가 하는 생각이 드는데 이런 이야기 하면 엄마가 너무 속상하겠지? 진짜 내가 무엇을 하고 싶은지도 몰라서 그게 너무 창피해.,열 번이나 도전한다는 것이 대단한 일이라고 생각해요. ,정말 그렇게 생각해? 진짜 동창회에는 어떻게 나가 나만 아직도 취업 준비생인데.,늦어도 언젠가는 꼭 성공할 수 있을 거예요. 오늘은 충분히 오늘로도 고생 많았어요.
6374,청년,여성,"진로,취업,직장",해당없음,분노,분노,오늘따라 정말 화가 많이 나는 상황이네.,오늘 화가 많이 난 상황이시군요. 무슨 일이 있었나요?,가장 가고 싶었던 회사에 이력서를 며칠 동안 신경 써서 제출했는데 일 차에서 탈락했어.,신경을 많이 쓰셨는데 떨어져서 속상하시겠군요.,,
45052,청년,여성,대인관계,해당없음,분노,짜증내는,엄마 잔소리에 나도 모르게 엄마한테 심한 말을 했어. 이런 내가 지긋지긋해.,엄마에게 심한 말을 해서 마음이 힘드시군요.,나는 왜 항상 엄마한테만 말을 함부로 할까?,이 상황을 변화시키기 위해 시도해 볼 수 있는 일들이 어떤 것들이 있을까요?,엄마하고 솔직하게 대화를 해봐야겠어.,엄마와의 대화로 기분이 나아지시길 바랄게요.
47619,청소년,여성,가족관계,해당없음,분노,노여워하는,시험성적 때문에 친구와 다툼이 생겼어. 내가 친구에게 심하게 말한 탓이야.,시험 성적 때문에 친구와 다툼이 생기셨군요.,친구가 공부도 도와줬는데 내가 친구를 실망하게 했어. 난 바보인가 봐.,친구가 공부를 도와줘서 더 힘드시겠어요. 앞으로 어떻게 하는 것이 좋을까요?,친구에게 미안하다고 사과하고 이야기를 들어보고 싶어.,친구에게 사과하고 화해할 수 있었으면 좋겠네요.
15298,노년,남성,대인관계,만성질환 유,당황,한심한,아내가 무릎 관절 수술을 해서 큰딸에게 좋은 휠체어 좀 알아봐 달라고 했는데 자꾸 까먹어서 당황스러워.,부탁을 잊는 따님의 행동 때문에 당황스러우시군요.,서둘러 아내가 탈 휠체어를 마련해야 하는데 왜 자꾸 잊는 건지 한심해.,서둘러야 하는데도 자꾸 잊어 버리는 따님이 한심하시군요. 이 문제에 관해 어떻게 대화해야 좋을까요?,이번에는 맡기지만 말고 같이 알아봐야겠어.,휠체어를 같이 알아보려고 하시는군요.
13877,청소년,여성,가족관계,해당없음,당황,남의 시선을 의식하는,항상 나보다 예쁜 동생을 보고 있으니 나도 모르게 신경이 쓰여.,본인도 모르게 동생이 신경 쓰이다니 당황스럽겠어요.,응. 나도 모르게 그러니까 너무 황당해.,지금 이런 복잡한 기분에서 조금이라도 벗어나기 위해 해 볼 수 있는 일이 뭐가 있을까요?,음. 친한 친구한테 고민이라고 하고 들어달라고 해야겠어.,친구와의 대화로 어느 정도 기분이 풀렸으면 해요.
21446,청소년,여성,가족관계,해당없음,슬픔,낙담한,엄마랑 같이 옷가게에 왔는데 기분이 별로 안 좋아.,기분이 별로인 이유를 물어봐도 될까요?,엄마가 내 의견은 하나도 안 물어보고 엄마 마음대로 옷을 사더라고.,많이 속상하고 낙담하셨겠군요.,기분이 안 좋긴 했지만 엄마랑 같이 맛있는 거 먹으면서 얘기할 거야.,엄마와 함께 식사를 하면서 기분을 풀어 볼 생각이시군요.
27364,중년,여성,"재정,은퇴,노후준비",해당없음,기쁨,안도,은퇴를 하면 내가 번 돈은 오로지 나를 위해 쓸 생각이야.,은퇴하면 번 돈은 오로지 자신에게 쓸 생각이군요.,여태까지 나를 위해 쓴 돈이 너무 적었는데 이제 나한테 쓸 생각하니 기뻐.,자신한테 돈을 어떻게 쓰는 게 좋을까요?,우선 여가 생활을 즐기는 게 좋겠어. 일하느라 시간이 없었거든.,은퇴 후 즐거운 여가 생활 보내길 바라요.
2494,청년,여성,"연애,결혼,출산",해당없음,상처,괴로워하는,이제는 누굴 만나서 새롭게 연애하는 것도 귀찮고 어렵네.,이제는 혼자인 게 편하신가요?,사실은 연애하고 싶어. 주위에 사람이 없다 보니 귀찮다고 자기 합리화하게 돼.,연인을 찾을 수 있는 다른 방법은 없을까요?,친구한테 소개해 달라고 해볼까?,친구에게 소개를 받기로 하셨군요.
49073,노년,남성,대인관계,만성질환 유,상처,억울한,내 장애 때문에 사람들이 다가오지 않아서 외롭다.,장애 때문에 사람들이 다가오지 않아 외로우시군요.,장애가 있어서 편견으로 날 무서워해. 아마 죽을 때까지 이런 시선을 받겠지.,정말 괴로우시겠어요. 현재 감정에서 벗어나기 위해 어떻게 하면 좋을까요?,이런 기분에서 어떻게 벗어나겠어. 평생 이렇게 살아야 하는 게 슬플 뿐이야.,사용자님의 감정을 공유할 수 있는 사람이 주위에 있었으면 좋겠어요.
14876,중년,남성,"재정,은퇴,노후준비",해당없음,당황,남의 시선을 의식하는,친구가 내 집안 재정 상황을 알게 될까 봐 불안해.,집안 재정 상황을 숨기고 싶으셨군요. 불안하시겠어요.,남들이 보는 시선이 두려워서 앞으로도 숨길까 고민이야.,재정 상황이 들킬까 봐 계속 숨기고 싶으시군요. 불안한 마음을 어떻게 조금이나마 해소할 수 있을까요?,나에게 도움을 줄 수도 있으니 친구에게는 알려줘야겠어.,친구에게 알려서 도움이 됐으면 좋겠어요.
44109,중년,여성,"대인관계(부부, 자녀)",해당없음,불안,걱정스러운,우리 먹고살기도 힘든데 남편은 무슨 시어머니한테 맨날 돈을 드리는지 정말 이해가 안 돼.,소득이 충분치 않은 상황에서의 남편의 행동이 마음에 들지 않으시는군요.,나랑 상의도 없이 그런다니까? 뭐라고 하기도 그렇고.,말도 없이 그랬다면 더더욱 답답하시겠어요. 어떻게 하는 게 좋을까요?,그냥 두고 보는 건 더는 못하겠어. 얼굴 보고 진지하게 얘기 좀 해봐야겠다.,대화를 통해서 두 분이 상황에 대한 적절한 합의점을 찾으시길 바라요.
16688,청년,여성,"진로,취업,직장",해당없음,불안,스트레스 받는,출근시간 엘리베이터를 타야 지각을 면해서 이십 분정도 집에서 일찍 나와야 해.,그럼 출근 때 너무 피곤하실 거 같아요.,아침부터 일찍 나와야 해서 너무 피곤해.,지각을 피하고 피곤도 피하려면 어떻게 해야 할까요?,조금 더 일찍 자고 일찍 나와야겠어.,일찍 잠에 들어 아침에 조금은 괜찮길 바라요.
7123,청년,여성,"진로,취업,직장",해당없음,상처,버려진,회사에서 갑작스럽게 해고되었어.,갑작스러운 실직으로 상심이 크시겠어요. 특별한 이유가 있나요?,회사의 경영악화로 더는 회사를 유지할 수가 없대.,회사의 상황이 좋지 않군요. 앞으로 어떤 계획을 가지고 계신가요?,새로운 회사를 찾아야지. 그동안 열심히 일했는데 이렇게 해고되다니.,새로운 직장을 찾고 계시는군요. 갑작스러운 해고로 혼란스러우시겠어요.
20348,청년,여성,"연애,결혼,출산",해당없음,기쁨,안도,지난 토요일에 짝사랑하던 철수에게 고백했는데 철수도 나를 좋아하고 있었대.,그렇군요. 많이 기뻤겠네요.,그동안 서로 호감이 있었는데 나는 나만 좋아한다고 생각하고 있었어.,고백할 때 떨리지는 않았나요?,많이 떨렸지만 그동안 마음에 둔 말들이 그냥 흘러 나왔어.,용기 있게 고백했으니 사랑이 이뤄진 거네요. 좋은 만남을 가지길 바라요.
37493,청소년,여성,학업 및 진로,해당없음,당황,남의 시선을 의식하는,요새 아이들 옷 다들 잘 입는데 나만 못 입는 거 같아.,왜 그렇게 생각하시나요?,길거리 다니다보면 나만 엄청 별로야.,남들의 눈빛을 많이 신경쓰시는 편인가봐요?,모두 나만 쳐다보는것 같이 느껴지니까.,그리하여 시선을 의식하게 되신 거군요.
33909,청소년,남성,학교폭력/따돌림,해당없음,슬픔,우울한,내가 왕따를 당하고 있는데 내 상황을 들어주는 친구가 없네.,옆에 공감해줄 사람이 없으니 힘드시겠어요.,그러니까. 앞으로 어떻게 해야 할지 암담하네.,난감한 상황이군요.,응. 정말 진퇴양난이지.,앞으로 어떻게 하는 것이 좋을까요?
44914,청소년,여성,가족관계,해당없음,불안,스트레스 받는,요즘 어울리고 있는 친구들을 엄마 아빠가 싫어해. 친구 때문에 성적 떨어졌다면서 말이야.,친구들 때문에 성적이 떨어졌다고 부모님이 싫어하시는군요.,사실 친구 때문이 아니야. 그냥 공부가 힘들어. 열심히 해야 하는 건 알지만 맘처럼 안 돼.,공부가 맘처럼 잘 안되는군요. 그럴 때 어떻게 하면 힘든 감정에서 벗어날 수 있을까요?,일단 부모님이 친구 때문에 성적이 떨어졌다고 말하지 않았으면 좋겠어. 그럴 때마다 속상해.,그렇군요. 부모님께 솔직하게 말하고 속상한 기분이 풀렸으면 좋겠어요.
25649,노년,여성,"건강,죽음",만성질환 무,분노,안달하는,이번 달에 아들이 영양제를 보내지 않아서 너무 화가 났어.,아드님이 영양제를 보내지 않아서 화가 나셨군요.,나이가 들수록 건강에 신경을 써야 되는데 이젠 내가 걱정되지도 않나 봐.,아드님의 줄어든 관심에 서운하셨군요. 이 기분에서 벗어나기 위해 무엇을 할 수 있을까요?,오늘 친구들과 약속을 잡아야겠어. 아들 욕도 좀 같이 하고.,친구 분들과의 대화로 기분이 풀리셨으면 좋겠어요.
47048,청소년,남성,학업 및 진로,해당없음,분노,안달하는,진로를 결정해야 하는데 내가 어떤 걸 하고 싶어 하는지 모르겠어.,진로를 결정하지 못해 혼란스러우시군요.,왜 나는 내가 하고 싶은 것 하나도 찾지 못하는 걸까? 답답해.,답답한 기분에서 벗어나기 위해서는 어떤 걸 해야 할까요?,밖에 나가서 바람을 좀 쐬어야겠어.,밖에 나가 바람을 쐬는 일이 기분을 좀 나아지게 했으면 좋겠어요.
34358,노년,여성,"건강,죽음",만성질환 유,기쁨,편안한,몸이 아파서 불편했는데 간병인을 고용하니 편하고 마음이 놓인다.,간병할 사람이 있으셔서 편하시겠어요.,간병인이 괜찮은 사람 같은데 그래도 아직 불편한 감이 있어.,간병인이랑 편하게 지내려면 어떤 방법이 있을까요?,내가 편하게 지낼 수 있도록 좋은 환경을 만들어줘야겠어.,그렇게 했을 때 상황이 어떻게 달라지면 좋을까요?
43800,중년,남성,"대인관계(부부, 자녀)",해당없음,분노,악의적인,오늘 회사에서 일을 못 한다고 잘렸어.,오늘 회사에서 잘리셔서 괴로우시군요.,책임져야 할 애들이 둘이나 있는데 이제 어떡해야 할지 모르겠어. 죽고 싶어.,지금의 상황이 나아지기 위해선 무엇을 할 수 있을까요?,애들을 위해서라도 다시 일을 구해봐야겠어.,다시 일을 구하셔서 상황이 좋아지기를 바랄게요.
9315,중년,여성,"직장, 업무 스트레스",해당없음,불안,회의적인,오늘은 아주 피곤한 하루였어.,무슨 일이세요? 안 좋은 일 있으셨나요?,딱히 큰일은 없었는데. 내가 하는 일이 나에게 안 맞는 거 같아.,하고 계신 일이 재미가 없으신가 봐요. 적성에 안 맞는다는 생각이 드시는군요.,응. 어렵기만 하고 시간이 아까운 것 같아.,즐겁게 하실 수 있는 일을 찾으시면 좋겠어요.
46031,청소년,여성,학교폭력/따돌림,해당없음,분노,툴툴대는,친구들과 잘 지내고 싶은데 반에서 왕따를 당하는 나 자신에게 너무 실망스러워.,친구들과 잘 지내지 못해서 실망스러우시군요.,먼저 다가가서 이야기도 하고 싶은데 용기를 못 내는 내가 바보 같아.,어떻게 하면 지금 상황에서 벗어날 수 있을까요?,모르겠어. 나한테 도움을 줄 사람이 있었으면 좋겠다.,주위에 사용자님을 도와줄 사람이 있었으면 좋겠어요.
33011,청년,여성,대인관계,해당없음,당황,혐오스러운,오늘 너무 불쾌한 일이 있었어.,어떤 불쾌한 일이 있으셨나요?,고깃집에서 아르바이트하는데 단체 모임으로 온 손님 중에 어떤 남자가 나한테 술잔을 채워달라는 거야.,그런 일이 있으셨군요. 그래서 어떻게 하셨나요?,사장님께 말씀드리고 그 테이블 주문은 내가 받지 않았는데 어떻게 자기보다 한참 어린 나에게 그럴 수가 있지? 정말 생각만 해도 혐오스러워.,무례한 손님의 태도에 기분 상하셨겠어요.
2575,청년,여성,"진로,취업,직장",해당없음,기쁨,편안한,직장 생활에 드디어 적응한 것 같아.,직장생활에 적응하셨다니 정말 기쁘시겠어요.,처음엔 너무 힘들었는데 지금은 모든 게 편안하고 사람들도 좋아.,적응을 마치시고 모든 게 편안하게 느껴지신다니 정말 기분이 좋으시겠어요.,힘들어도 참고 견딘 게 그나마 도움이 된 거 같아.,과정이 힘들었지만 지금은 행복하시겠어요.
18604,노년,여성,"건강,죽음",만성질환 무,분노,분노,지하철에서 사람들이 자꾸 나를 밀쳤어. 내가 나이가 많은 노인이라 무시하는 건가?,무시당하는 느낌에 화가 많이 나셨겠어요.,이제 가만히 서 있기도 힘든데. 무시당하는 것까지 참을 수가 없어.,무엇이 화를 푸는 데에 도움이 될 수 있을까요?,북적이는 지하철 말고 산에 가서 산책을 좀 하면서 시간을 보내야겠어.,산책을 하며 기분 전환이 되었으면 좋겠어요.
34520,노년,남성,대인관계,만성질환 무,불안,불안,혼자 살고 있는데 가끔 집에 아무도 찾아오지 않을 때면 이렇게 잊혀질까 봐 무서워.,아무도 찾아오지 않을 때 세상에서 잊힐까 불안함을 느끼시는군요.,내가 죽으면 한참 뒤에나 발견돼서 뉴스에 나오지는 않을까 하는 나쁜 생각이 들어.,그런 불안감과 나쁜 생각이 들지 않게 하려면 어떻게 하는 것이 좋을까요?,동네 복지관에라도 나가서 근처에 사는 새 친구들을 만드는 게 좋을 것 같아.,새 친구를 사귀어 보려 하시는군요. 새 친구를 사귀면 어떤 점이 좋을까요?
673,노년,남성,"건강,죽음",만성질환 유,기쁨,안도,눈이 찢어질 듯이 아파서 안과에 갔는데 괜찮대. 다행이지.,눈이 아팠는데 괜찮대서 안심하셨군요.,근데 원인이 스트레스래. 최근에 정말 일이 많았거든.,눈이 아픈 원인이 스트레스였군요. 앞으로 눈이 아프지 않기 위해서는 어떻게 하면 좋을까요?,스트레스를 받지 않는 것이 제일 중요하겠지. 내 인생에 나보다 더 소중한 사람은 없잖아.,스트레스가 없으셔서 늘 건강을 유지하셨으면 좋겠어요.
38541,노년,여성,재정,만성질환 무,당황,외로운,실업자가 되어서 정말 자녀들에게 미안하다.,노동력을 상실하셔서 가족들에게 죄책감을 느끼시는군요.,나는 학력이 낮아서 취업할 수 없어.,저학력 때문에 돈을 벌 수 없으시군요.,친구들에게도 말도 못 하고. ,주변에서 긍정적인 말을 들을 수 있다면 기분이 어떻게 변하실 것 같나요?
45148,중년,남성,"대인관계(부부, 자녀)",해당없음,당황,죄책감의,우울증이 심해서 병원에 입원해야 될 것 같은데 가족한테 어떻게 말해야 좋을지 모르겠어.,우울증으로 인해 많이 힘들고 괴로워하고 계시는군요.,가족들은 나의 병에 대해서 모르고 있어. 그동안 숨겨왔다는 것도 양심의 가책을 느끼게 해.,가족들이 병에 대해서 모르고 있는 상황에서 어떤 행동이 필요할까요?,가족에게 솔직히 털어놓고 하루빨리 치료를 받는 게 좋을 것 같아.,가족들과 대화로 죄책감을 털어내시고 빠른 쾌유 하시길 바라요.
42237,노년,남성,"건강,죽음",만성질환 무,분노,노여워하는,내가 거동이 불편하니까 항상 아들이랑 딸에게 짐만 되네.,건강 문제로 인해 기분이 언짢으시군요.,나를 돌보느라 여행도 제대로 못 다니고 나 때문이야.,이런 상황에서 어떻게 하는 것이 좋을까요?,재활 운동 같은 거라도 찾아봐야겠어. 조금은 좋아지겠지.,재활 운동을 통해 지금 상황을 잘 극복하길 바라요.
3941,청년,여성,"진로,취업,직장",해당없음,상처,괴로워하는,취업 걱정으로 너무 힘들고 괴로워. 요즘 공고도 많이 없고 어떻게 해야 할지 모르겠어.,마음이 매우 복잡하겠어요. 좀 더 말씀해 보시겠어요?,정말 그럴까? 주위 사람들 보면 노력해도 취업하기가 힘든 것 같아. 나도 그럴까 봐 취업 생각만 해도 괴로워.,원하는 곳에 꼭 취업하시길 응원하겠습니다.,,
50942,청년,여성,대인관계,해당없음,상처,상처,아빠는 엄마랑 나한테 못되게 말해서 맨날 싸우기만 해. 정말 힘들어.,아버지 때문에 매일 싸우게 돼서 힘드시군요.,거기다 내가 결혼하고 나면 혼자 남을 엄마가 너무 걱정돼서 큰일이야.,결혼하고 나면 혼자 남으실 어머니가 걱정되시는군요.,결혼하기 전에 아빠랑 담판을 지어야겠어.,아버지와의 대화가 원만하게 풀렸으면 좋겠네요.
9479,중년,여성,"재정,은퇴,노후준비",해당없음,상처,억울한,정말 믿기지가 않는게 이제 정말 은퇴까지 얼마 남지 않았어.,은퇴를 앞두고 어떤 기분이세요?,열심히 일만 하고 살아온 내 인생이 조금은 억울하단 생각이 들어.,억울한 느낌이 들겠어요.,그래서 은퇴 후 삶은 즐겁게 살아보려고 해.,네. 억울하지 않게 멋진 삶을 사셨으면 좋겠어요.
38487,노년,여성,"건강,죽음",만성질환 무,슬픔,눈물이 나는,내 나이가 벌써 육십육 살이야. 나하고 삼십 년을 함께 살았던 영감은 십 년 전에 먼저 먼 곳으로 영원히 떠나서 나 혼자 되었지. 그런데 지난달에는 내가 사랑하는 사촌오빠가 돌아가셨어.,어르신  많이 힘드시겠어요. 어르신 몸은 어떠신가요? 지금은 사시는 집에서 혼자 지내시는지요?,나 자식들하고 같이 안 살고 혼자 나와서 살고 있어. 두 며느리하고 사위한테 부담 주기 싫어서 그렇게 했어. 그러니 외로운 감정 내가 다 감당해야지.,혼자서 외로움을 감당하시려 하는군요.,내가 어릴 때  사고로 머리 다치면서 오랫동안 치료받았어. 결혼하고서도 치료받고 있었어. 사랑하는 사람들을 먼저 떠나보내면서 머리가 더 아파서 힘들 때가 많지.,많이 힘드셨군요.
22115,청년,남성,"연애,결혼,출산",해당없음,기쁨,흥분,그녀에게 고백 후 처음으로 연락이 와서 다시 만나기로 했는데 너무 기뻐.,기쁨으로 흥분하신 상태 같아 보여요.,만나자는 연락을 여자에게 받은 건 처음이라 더 흥분되고 기뻐.,지금의 기쁜 감정으로 제일 먼저 하고 싶은 것은 무엇인가요?,일단 식당을 예약하고 데이트 코스를 준비해야겠어.,여자 친구와 멋진 파티로 행복한 하루 보내세요.
4670,청년,여성,"연애,결혼,출산",해당없음,당황,열등감,친구랑 대화만 하면 열등감을 느껴서 속상해.,친구분과 대화를 할 때마다 열등감을 느껴 속상하시군요.,응. 나는 생활비가 넉넉하지 않아서 고민하는데 그 친구는 집안이 여유가 있는 편이거든.,생활 형편이 넉넉하지 않아 절약하며 생활하시는데 반대로 친구분은 여유가 있어 비교되시는군요.,나한테 고작 그런 게 고민이냐며 무시를 하니까 더 작아지는 기분이야.,많이 속상하시겠어요. 친구분이 무시하지 않고 위로를 해주면 기분이 어떠실 거 같으신가요?
13662,청소년,여성,가족관계,해당없음,불안,스트레스 받는,졸업 후 바로 취업하고 싶은데 엄마는 자꾸 대학교에 가라고 강요를 해. 계획이 틀어질까 봐 불안해.,엄마가 대학교에 가라고 강요하는군요. 계획이 틀어질까 봐 스트레스 받으시겠어요.,대학교에 원서접수 했는데 탈락했다고 거짓말을 할까 생각 중이야.,거짓말을 할지 고민 중이시군요. 어떻게 하는 것이 가장 좋은 방법일까요?,거짓말을 해도 들킬 테니 담임선생님께 진로 상담을 받는 게 가장 좋은 방법인 것 같아.,진로 상담을 받아 잘 해결이 되었으면 좋겠어요.
46380,중년,남성,건강,해당없음,상처,괴로워하는,내가 벌써 이렇게 나이가 많아졌다니 믿기지 않고 두려워.,나이가 많아지셔서 많이 슬프시겠어요.,내가 이 나이 먹을 동안 한 게 별로 없는 거 같아서 너무 후회돼.,그동안 해온 게 얼마 없다고 생각하니 많이 속상하시군요.,지금부터라도 멋있는 삶을 살아서 후회 없는 삶이 되도록 노력할 거야.,멋있는 삶을 살아서 후회 없으셨으면 좋겠어요.
5229,청년,여성,"연애,결혼,출산",해당없음,기쁨,느긋,아이 계획은 있는데 앞으로 한 삼 년은 더 신혼생활을 즐기고 싶어.,신혼생활을 삼 년간 더 누린 후 아이를 가질 계획이시군요.,이제는 남편하고 맛있는 것도 많이 먹고 멋진 풍경도 보고하면서 알콩달콩한 시간을 누리고 싶어.,알콩달콩한 시간으로 채워지는 삼 년이라니 정말 좋은 추억이 될 것 같아요.,,
43303,청소년,여성,학업 및 진로,해당없음,분노,악의적인,나는 왜 이렇게 몸이 약하게 태어난 거지?,신체가 약해서 속상하시겠어요.,몸이 아파서 공부하기도 너무 힘들어. 성적이 너무 안 나와.,몸이 아픈데 성적이 잘 안 나와서 정말 힘드시겠어요.,운동을 열심히 하면 건강해질까?,운동하셔서 건강을 회복하신다면 정말 좋겠어요.
23659,중년,여성,건강,해당없음,슬픔,마비된,지금껏 열심히 일을 해서 노후에 여유롭게 사는 것을 기대했는데 암 진단을 받았어.,암 진단을 받았다니 많이 힘드시겠어요.,앞으로 어떻게 살아가야 할지 막막하네.,상심이 크시겠어요. 앞으로 어떻게 하면 좋을까요?,일단 암 치료를 위해 최선을 다하려고 해.,가족들과  잘 얘기해서 아빠를 잘 모시게 되길 바라요.
38203,노년,여성,"건강,죽음",만성질환 무,분노,성가신,내 친구가 부부싸움을 했대. 전화하여 하소연하더라.,왜 싸웠다고 하던가요?,나중에 더 나이 들어 자기가 아프면 어떻게 할 거냐고 남편에게 물으니 요양원에 보낸다고 하더래.,남편분 말에 친구분이 상처받으신 모양이네요.,내 친구가 너무 서운해하며 삼십 년 넘게 살았는데 빈말이라도 돌봐준다는 말 한마디 없는 건 너무하다고 하더라.,그래서 친구분께 어떻게 이야기 하셨나요?
46310,노년,여성,대인관계,만성질환 무,분노,좌절한,내가 어렸을 때 좀 더 배웠더라면 더 멋진 사람들과 어울렸을 텐데. 다 내 탓이야.,어렸을 때 많이 배우지 못한 것에 대해 고독하고 허탈함을 느끼시는군요.,내가 더 열심히 했었어야 해. 내 곁엔 아무도 없어.,아무도 없다고 느껴지셔서 정말 슬프시겠어요.,자식들은 다 컸다고 연락도 하지 않고 친구들도 없어.,마음을 나눌 사람이 생겼으면 좋겠어요.
43188,청소년,남성,학교폭력/따돌림,해당없음,분노,방어적인,우울증이 있는 걸 친구들이 알게 될까 봐 자꾸 눈치 보게 돼. 난 바보야.,우울증을 친구들이 알게 될까 봐 걱정이 되시는군요.,친구들에 밝고 정상적인 걸 보면 나만 못난 것 같고 열등감이 느껴져.,정상적인 친구들을 보며 열등감을 느끼시는군요. 앞으로 어떻게 해야 기분이 나아질까요?,우울증 치료를 적극적으로 받아 나도 예전처럼 밝은 사람으로 변해야겠어.,치료를 적극적으로 받아 상황이 나아지시길 바라요.
42302,청소년,여성,가족관계,해당없음,분노,툴툴대는,내 진로 때문에 부모님끼리 싸우셨어. 나 때문에 부모님이 싸우신 것 같아서 나 자신이 원망스러워.,사용자님 때문에 가정불화가 일어난 것 같아 스스로 실망하셨군요.,내 꿈 때문에 돈이 많이 들어서 부모님끼리 갈등이 일어난 것 같아.,이 상황을 해결하기 위해서는 무엇을 하는 것이 좋을까요?,모르겠어! 지금은 그냥 모든 게 다 나 때문인 것 같아서 우울해.,주위에 지금 감정을 털어놓을 수 있는 친구들이 있으면 좋겠어요.
23748,중년,여성,건강,해당없음,기쁨,감사하는,내게 골수를 이식해 줄 수 있는 기증자가 나타나서 너무 기뻐.,사용자님께 골수를 이식해 줄 수 있는 기증자가 나타나서 기쁘시군요.,기증자분께 선물을 드리고 싶은데 사양하셔서 고민이야.,지금 상황에서 할 수 있는 일에는 무엇이 있을까요?,감사한 마음을 담아 편지를 드려야겠어.,한의원을 자주 찾아가셔서 건강해지시면 좋겠어요.
22431,청년,여성,"연애,결혼,출산",해당없음,불안,조심스러운,요즘 남자 친구가 공채시험 준비 중이라 선뜻 데이트 약속을 잡기가 조심스러워.,남자 친구가 공채시험 준비 중이라 데이트 약속 잡기가 조심스러우시군요.,응. 자주 못 만나서 불안하지만 선뜻 데이트 약속을 못 잡겠어.,지금 내가 무엇을 하면 이 상황이 나아질까요?,무조건 야외에서 만나기보다는 시험을 틈틈이 준비할 수 있는 실내에서 만나는 게 좋을 것 같아.,정기적으로 관리 받으며 영양제를 챙겨주려 하시는군요.
17396,청년,남성,"연애,결혼,출산",해당없음,불안,회의적인,아내가 내게 무언가를 숨기고 있는 것 같아 불안해.,아내 분이 무언가를 숨기는 듯해 불안하시군요.,아내에게 이 사실에 대해 물어봐도 될 지 혼란스러워.,아내에 대한 고민을 어떻게 해결하는 것이 좋을까요?,나 혼자 고민하는 것보다 아내에게 사실을 물어보는 것이 최선일 것 같아.,아내분과의 솔직한 대화로 모든 게 잘 해결이 되길 바라요.
19667,노년,남성,"건강,죽음",만성질환 유,기쁨,신뢰하는,통풍 때문에 꾸준히 관리하고 있는데 병원에 갔더니 큰 문제가 없어서 기분이 좋아.,관리 덕분에 괜찮으신 것 같아 기분이 좋으시군요.,응. 꾸준히 관리하기만 하면 문제없을 것 같아.,그래서 다행이네요. 꾸준한 관리를 어떻게 하실 생각이세요?,앞으로도 기름진 음식을 피하려고 가급적이면 집에서 식사하려고.,집에서 건강한 음식 드셨으면 좋겠네요.
16130,노년,남성,재정,만성질환 무,불안,혼란스러운,내 실수로 회사에 큰 손실이 생겨서 해결해야 하는데 수중에 그만한 돈도 없고 초조해.,실수로 인해 생긴 손해를 해결할 방법이 없어서 초조하시군요.,지금 내가 가진 전 재산으로도 손실을 감당하기엔 턱없이 부족해.,그렇다면 어떻게 대처하실 수 있을까요?,회사에 실수했다고 솔직하게 말하는 것 밖에는 달리 방법이 없겠어.,회사에 솔직하게 말함으로써 문제가 잘 해결되길 바라요.
26689,청년,남성,"진로,취업,직장",해당없음,슬픔,후회되는,첫 직장에 대한 기대에 부풀었는데 지금은 괜히 왔나 후회돼.,첫 직장이 기대했던 것과는 달라 후회하고 있다는 것처럼 들려요. 그렇게 생각하신 이유가 있으신가요?,하는 일이 내 적성과 너무 안 맞아.,적성과 안 맞아서 후회되시는군요. 어떤 점이 안 맞는다고 생각하시나요?,,
45434,중년,여성,"재정,은퇴,노후준비",해당없음,상처,배신당한,내가 돈을 못 벌고 변변치 않으니 오랜만에 만난 동창들이 나를 무시해.,동창들이 돈을 못 번다고 무시해서 속상하시겠어요.,맨날 동창들을 만날 때마다 이런 비참한 기분에서 벗어날 수 없겠지.,지금의 기분에서 벗어나기 위해서 무언가 할 수 있는 것이 있을까요?,오늘 일은 그만 생각하고 기분 전환하러 드라이브를 다녀와야겠어.,드라이브하면서 지금의 기분이 풀렸으면 좋겠어요.
24749,노년,남성,재정,만성질환 무,슬픔,우울한,아내가 친구 집과 우리 집의 환경을 자꾸 비교해서 괜히 주눅이 들고 우울해.,아내가 비교를 해서 마음이 많이 속상하시겠어요.,아내는 감사할 줄 모르고 항상 남과 비교를 해서 상대방 마음을 불편하게 만들어.,남과 비교하는 아내 때문에 힘드시겠어요. 지금 감정에서 벗어나기 위해 어떻게 하면 좋을까요?,아내와 이 상황에 대해서 차근차근 대화를 해봐야겠어.,밖에 나가셔서 우울한 기분이 좀 나아졌으면 좋겠어요. 
44049,중년,여성,"대인관계(부부, 자녀)",해당없음,상처,억울한,딸을 혼내면서 때려버렸어. 나는 엄마 자격이 없어.,자녀분을 때려서 후회하고 계시는군요.,딸과 다시 화해할 수 없을 거야. 아무리 화나도 그러면 안 됐는데.,이 문제를 해결하기 위해서 무엇을 할 수 있을까요?,지금은 딸이 화나서 나랑 말도 안 하려고 해. 어떻게 해야 할지 모르겠어.,어떻게 해야 할지 의논할 수 있는 사람이 있었으면 좋겠어요.
45680,중년,남성,"대인관계(부부, 자녀)",해당없음,슬픔,후회되는,집에 들어가면 매번 아내랑 싸우고 자식들은 방에 들어가서 나와 보지도 않고 스트레스가 커.,가정생활 문제로 힘들어하고 계시는군요.,내가 가장으로서의 역할을 제대로 못 해서 그런가 봐.,가정에서의 역할을 잘 감당하지 못하는 것 같아 속상하시군요.,가족끼리 시간 내서 여행을 다녀와 사이를 회복시켜야겠어.,여행으로 기분 전환이 되시기를 바라요.
15767,청소년,여성,학업 및 진로,해당없음,기쁨,만족스러운,저번 모의고사보다 과목별로 모든 등급이 올라서 부모님한테 칭찬을 받았어.,모든 등급이 올라서 부모님한테 칭찬을 받아서 기쁘시겠군요.,학원도 안 다니고 혼자 자습하면서 공부한 결과라서 부모님이 더 기뻐해.,학원도 안 다니면서 어떻게 공부를 하신 거예요?,이동시간과 쉬는 시간에 인터넷 강의를 듣고 자습시간에는 문제를 많이 풀었어.,지금처럼 쭉 열심히 공부하셔서 다음 모의고사에서는 더 좋은 결과를 얻으시길 바라요.
38610,노년,여성,재정,만성질환 무,당황,고립된,내 얘들하고 관계가 나빠.,네 걱정 많으시겠네요.,밉기도 하고 그러다 보니 벌 받을 것도 같고. 돈이라도 주면 좀 낫겠는데 돈도 없고.,노년엔 돈 벌기가 쉽지 않으니 더 마음이 쓰이시겠네요.,다 돈이야. 늙으면 돈이 있어야 하는데.,늙으면 돈이 있어야 한다고 생각하시는군요.
25970,노년,여성,재정,만성질환 무,당황,남의 시선을 의식하는,남의 시선을 의식해서 부유하지 않은 척하고 다녀.,남의 시선을 많이 의식해서 부유하지 않는 척을 하시는군요. 그러는 이유가 있을까요?,전에 동네 할머니들이 내 가방을 보며 사치라며 욕하더라고.,주변 할머니들이 사용자님의 가방을 보며 사치라고 말하셨군요.,뒤에서 욕하는 걸 들으니 기분이 별로더라.,뒤에서 욕하는 걸 들어 기분이 별로였군요.
34980,노년,남성,재정,만성질환 유,기쁨,신뢰하는,펀드매니저인 내 친구 아들에게 내 보험금을 맡겨볼까 해.,보험금을 친구 아들에게 맡기시려고 하는군요.,친구 아들은 어렸을 적부터 아주 머리가 좋았어. 믿을 만해.,똑똑해서 신뢰할 만한 펀드매니저군요.,응. 내 보험금 전부를 친구 아들에게 맡길 거야.,보험금 전부를 친구 아들에게 맡겼을 때 앞으로 어떤 점이 달라지길 원하시나요?
27806,노년,남성,대인관계,만성질환 유,불안,당혹스러운,텔레비전에서 전염병 증상이랑 아내의 호흡기 질환이 비슷해서 놀랐어.,아내분이 큰 병에 걸리셨을까 봐 놀라셨겠어요.,그래서 난리를 치며 병원에 갔었는데 단순 감기였어.,큰 병이 아니어서 다행이에요.,난리 친 게 부끄러워지더라.,두 분이 아프지 않고 건강하게 사시길 바라요.
32997,청년,여성,"연애,결혼,출산",해당없음,기쁨,자신하는,결혼에 대해 어떻게 생각해?,결혼에 대해 고민 중이신가요?,나는 결혼하면 잘 살 거라 자신하거든. 근데 다들 결혼은 미친 짓이라니까 이해가 안 가는 거야.,결혼에 대해 자신이 있으시군요.,행복은 내가 찾는 거지. 결혼도 내가 잘하면 되는 거 아닐까?,남들이 뭐라고 하더라도 행복은 스스로 찾는 것이기 때문에 결혼에 대해 자신 있으시군요.
46442,노년,여성,재정,만성질환 무,분노,짜증내는,평생 초등 교사로 일하다가 퇴직하고 나니 나란 사람은 아무것도 아닌 게 되더라. 지긋지긋해.,사회적 역할의 상실로 인해 혼란스러우셨겠어요.,그뿐만이 아냐. 딸이 결혼자금을 도와달라는데 노후자금으로 남겨둔 퇴직금이 전부야.,경제적 어려움과 정신적 괴로움을 완화하기 위해 앞으로 어떻게 하는 것이 좋을까요?,퇴직한 동료 교사들에게 조언을 구해볼래. 내 상황과 비슷한 경험이 있겠지.,유사한 고민을 했을 동료들과의 대화를 통해 문제의 해결책을 잘 찾아 나가시길 바라요.
17052,노년,남성,대인관계,만성질환 무,불안,걱정스러운,얼마 전에 건강 검진 결과가 안 좋았던 친구가 계속 술을 마셔.,건강이 안 좋은 친구가 계속 술을 마셔서 신경 쓰이겠어요.,이럴 때일수록 더 건강에 신경 쓰면서 관리해야 하는데 힘드니까 더 마시나 봐.,술 마실 건강 상태가 아닌데 힘들어서 자꾸 마시니까 안타까우시겠어요.,친구와 술 대신 보양식을 먹으러 다니면서 몸 보신시켜줘야겠어.,보양식이 친구의 건강에 도움이 되었으면 좋겠어요.
8482,청년,남성,대인관계,해당없음,분노,악의적인,안 되겠어. 이제 내 친구랑 절교하기로 했어.,친구랑 절교하기로 하셨군요. 좀 더 구체적으로 말씀해주시겠어요?,응. 매번 돈 빌리고 안 갚는데 너무 의도적이고 나쁘다는 생각이 들어.,친구의 행동에 화가 많이 나셨군요.,명품을 사느라 그런 것 같은데 나를 너무 무시하는 것 같아.,이 얘기를 같이 할 수 있는 사람이 있었으면 좋겠네요.
45404,청소년,남성,가족관계,해당없음,상처,버려진,내가 시험을 못 봤다고 아들로 여겨주지도 않고 쳐다봐주지도 않아. 시험이 그리 중요한 걸까?,시험을 못 봤단 이유만으로 불러온 부모님의 무관심이 많이 괴로웠군요.,부모님조차 날 봐주지 않는데 난 이 세상의 패배자인 것 같아.,부모님의 태도와 그 감정의 변화를 위한 방법이 있을까요?,부모님에게 학업이 아니어도 열심히 살고 있다고 봐달라고 대화하고 싶어.,부모님과의 진지한 대화로 관계의 발전과 행복한 감정이 나타났으면 좋겠어요.
32435,중년,여성,"직장, 업무 스트레스",해당없음,기쁨,신뢰하는,이번에 들어온 후임이 참 싹싹해.,새로 들어온 후임이 싹싹해서 마음에 드시는군요.,하나를 가르치면 열을 아니 조금씩 중요한 일도 맡겨볼까 싶어. ,하나를 가르치면 열을 아는 후임에게 조금씩 중요한 업무도 맡기려고 하시는군요.,능력을 펼칠 기회를 알아보는 타입이라 얼마나 잘 할지 기대가 되는걸. ,후임에 대한 신뢰가 무척이나 공고하시군요.
44145,노년,남성,대인관계,만성질환 유,상처,충격 받은,내가 얼마 전 허리를 다쳐서 병원에 입원했는데 아무도 찾아오지 않았어. 실패한 노년이야.,병원에 입원해 있는 중에 아무도 찾지 않아 허탈하셨군요.,다들 나이 든 할아버지가 아프든 말든 관심도 없는 거지. 자기 인생들 살기 바쁘니까.,무엇을 하면서 기분을 전환할 수 있을까요?,내가 좋아하는 텔레비전 프로그램을 보며 기분을 전환해야겠어.,텔레비전 프로그램을 보시면서 기분이 조금이나마 나아지셨으면 좋겠어요.
2550,중년,남성,"직장, 업무 스트레스",해당없음,상처,희생된,처음 회사에 취직했을 때는 너무 좋았는데 지금은 생각이 많이 달라졌어.,어떤 이유라도 있나요?,일이 너무 많아. 가만히 생각해보면 반평생을 회사에서 희생당하는 기분이 든단 말이야.,희생당하는 기분까지 드셨다니 많이 힘드셨나 봐요. 어떤 부분이 많이 힘드신가요?,내가 할 수 없는 업무까지 상사가 나한테 맡기는 게 너무 힘들어.,그런 일이 있었군요. 회사기 싫어질 정도로 힘드시겠어요.
37885,청소년,여성,학교폭력/따돌림,해당없음,상처,충격 받은,오늘 약속에 친구들이 한명도 나오지 않았어.,약속 장소가 변경된 건가요?,알고 보니 친구들이 나만 따돌리고 약속 장소를 잘못 알려준 거더라고 진짜 충격적이야.,많이 서운 하셨겠어요 힘내세요.,,
32059,노년,여성,재정,만성질환 무,상처,질투하는,친구가 이번에 부동산 투자가 잘돼서 크게 성공했어.,그래서 어떤 마음이 드셨어요?,사실 좀 질투가 나더라고. 이럴 줄 알았으면 나도 해보는 건데.,그럼 앞으로 다른 부동산 투자를 계획하고 계신 건가요?,잘 알아보고 좋은 건이 있으면 투자를 해봐야지.,친구의 성공한 부동산 투자를 보고 좋은 부동산을 알아보실 생각이군요.
8659,청년,여성,"연애,결혼,출산",해당없음,기쁨,편안한,오래 알고 지내니까 설렘은 줄었지만 대신 편안해서 좋아.,요즘 편안함을 느끼시다니 다행이네요.,응. 이제 서로 익숙해진 거지.,요즘은 어떤 걸 가장 하고 싶으신가요?,요즘은 그냥 아무 일이 일어나지 않았으면 좋겠다.,편안한 날들이 오래가시길 바라요.
40585,노년,여성,"건강,죽음",만성질환 무,상처,억울한,남편이 아픈 곳이 많아져 돌보기가 힘이 들어.,남편분께서 편찮으시군요. 구체적으로 어떤 어려운 점들이 있으실까요?,남편의 식사도 신경 써야 하고 남편 기분에 따라 눈치를 봐야 해서 나까지 힘이 드네.,남편분과 함께 기분 전환할 수 있는 일을 찾아보셨나요?,남편이 피곤해하니 뭐든 같이 하려 하지를 않아서 어려워.,여러모로 어려운 상황이시군요. 이 문제를 자녀분들과 함께 상의하실 수 있으실까요?
44823,청년,남성,"진로,취업,직장",해당없음,슬픔,눈물이 나는,요즘 회사에 계속 지원하는데 모두 떨어져서 슬퍼.,취업이 힘들어 슬프시군요.,많은 도전을 했지만 성공하지 못해서 눈물이 나.,이 상황을 극복하기 위해서 무엇을 할 수 있을까요?,잠시 마음을 가다듬으면서 내가 원하는 공부를 다시 해보고 싶어.,잘 준비해서 취업에 성공하면 좋겠어요.
13193,청소년,여성,학교폭력/따돌림,해당없음,당황,당황,나는 범인이 아닌데 아무도 내말을 안 믿어줘서 너무 충격적이야.,아무도 말을 안 믿어서 충격적이겠어요.,어떻게 해야지 내 말을 믿어줄까? 고민이네.,어떻게 해야지 믿어줄지가 고민이시군요. 어떻게 해야지 가장 좋게 해결할 수 있을까요?,내가 진실하다는 것을 입증해야할 거 같아.,진실하다는 것을 입증하는 것이 가장 좋은 방법인 것 같군요.
44745,청년,여성,대인관계,해당없음,슬픔,비통한,집안 사정이 안 좋아져서 부모님이 용돈을 주지 않으셔.  아무것도 사지 못하니 불행해.,원하는 것을 사지 못해 불행하시군요.,용돈 문제로 부모님과 다툼이 잦아졌어.  나도 모르게 나쁜 말을 하게 돼.,지금의 기분에서 벗어나기 위해 무언가 할 수 있는 것이 있을까요?,부모님과 우리 집 사정에 대해 솔직한 대화를 나누고 싶어.,솔직한 대화를 통해 부모님과 관계를 회복하시길 바라요.
50503,중년,여성,"재정,은퇴,노후준비",해당없음,분노,짜증내는,자식들 학원을 보내줘야 하는데 경제적으로 너무 힘들어.,경제적으로 어려움을 겪고 계시군요. 많이 힘드시겠어요.,요즘 사교육이 중요하다는데 이런 것 하나 못 해주다니 부모 자격도 없어.,학원을 보내주는 일로 사용자 님 스스로를 자학하고 계시는군요.,이대로 있을 순 없으니 국가에서 지원해주는 정책은 없는지 한번 알아봐야겠어.,방안을 찾으시면서 무거운 마음이 조금이나마 해소가 되시길 바랄게요.
50158,청년,남성,대인관계,해당없음,불안,당혹스러운,사진작가가 되고 싶은데 학비 버느라 알바에 치여 아무 노력도 못 하고 있어.,학비 버느라 사진작가가 되기 위한 노력을 못하고 계시는군요.,다른 친구들은 벌써 취업에 스펙 쌓기 바쁜데 이러다 꿈도 못 이루고 도태될까 두려워.,두려움을 없애기 위한 방법은 없을까요?,혼자는 피곤하다는 핑계로 쓰러져버리기 일쑤라서 사람들 속에서 자극받는 게 필요할 것 같아.,사람들 속에서 자극받으며 꿈을 이루어 가길 응원할게요!
28320,노년,여성,재정,만성질환 무,불안,취약한,노인들이 내 형편을 알고 나면 나를 무시할 것 같아.,다른 노인분들이 무시할까 걱정하시는군요.,제일 친했던 김 여사도 내 형편을 알고 나서는 연락이 잘 안 돼.,상황을 나아지게 할 방법이 있을까요?,당분간은 일을 알아보는 일에 집중하는 게 좋을 듯해.,하루빨리 일자리가 구해지기를 바랄게요.
12478,청년,남성,"진로,취업,직장",해당없음,상처,"가난한, 불우한",팀장님이 나 단벌신사라고 하기에 겁나 부끄러운 거 있지.,팀장님께 단벌신사란 말을 들어 부끄러우셨군요.,가난함을 들킨 기분이라 상처가 돼.,이런 난감한 상황을 어떻게 하면 좋을까요?,아무래도 중고로 옷을 살까봐. 이렇게라도 이 신세를 면해야겠어.,중고 옷을 마련해 해결해 보려 하시는군요.
11125,중년,여성,"재정,은퇴,노후준비",해당없음,당황,고립된,남편이 갑자기 명예퇴직을 당해서 매우 당황스러워.,남편이 명예퇴직을 당해서 매우 당황스러우셨겠네요. 재정이 힘드신가요?,지금은 힘들지 않지만 시간이 지날수록 힘들어지겠지.,이 문제로 가족분들과 대화는 나누어 보셨어요?,,
7545,중년,여성,건강,해당없음,당황,혐오스러운,콜레스테롤 수치가 엄청 높게 나와서 위험하다고 의사가 그러네.,콜레스테롤 때문에 걱정이 많이 되겠어요. 의사가 다른 말은 하지 않았나요?,식습관을 조절하라고 전부터 그랬는데 내가 자제력이 부족해서 조절하지 못했어. 스스로 조절하고 절제하지 못하는 내가 혐오스러워.,자기 억제를 하지 못한 것 같아 스스로 혐오감이 느끼시는군요. ,그래도 경고를 많이 들었으면 조절해야 할 텐데 나 스스로가 한심해.,생각대로 실천이 어려운 상황이네요. 구체적인 실천 계획을 세운다면 어떨 것 같나요?
22225,청년,남성,"진로,취업,직장",해당없음,상처,충격 받은,나를 따르던 부하 직원들이 내 동기가 출세하자 기다렸다는 듯 바로 라인을 바꿔서 충격이야.,부하 직원들이 동기로 라인을 바꿔서 충격 받으셨군요.,그렇게 잘 따라주는 것 같은 부하 직원들이었는데. 믿을 사람 없구나 하는 생각에 상처받아.,지금 상황을 극복하기 위해서 어떻게 해야 할까요?,다음 프로젝트를 꼭 성공시켜서 나도 승진하는 모습을 보여주겠어.,문제가 원만하게 잘 해결되시길 바랄게요.
21830,청소년,여성,학교폭력/따돌림,해당없음,불안,불안,왕따 당해서 전학을 왔는데 괴롭히는 애들이 언제 날 찾아올까 매번 너무 두려워.,괴롭히는 애들이 올까 봐 항상 불안하실 것 같아요.,전학을 와도 이렇게 무서우니 어떻게 해야 할지 모르겠어. 우울증 걸릴 것 같아.,너무 힘드실 것 같아요. 어떻게 해야 불안감에서 벗어날 수 있을까요?,절대 찾아오지 않을 거야. 미리 걱정하지 말아야겠어.,먼저 친구들과 대화를 시도하려고 하시는군요.
3654,중년,남성,건강,해당없음,당황,당황,몸이 가려워서 병원을 가니 아토피라고 그러는데 당황스럽다.,아토피 진단을 받으셔서 당황스러우셨겠어요. 조금 더 말씀해 주시겠어요?,그렇지. 게다가 희망퇴직 관련 업무를 내가 담당하고 있어서 정말 마음이 무겁고 심란해.,놀라셨겠어요. 증상이 빨리 호전되었으면 좋겠어요.,,
3520,중년,남성,"직장, 업무 스트레스",해당없음,상처,상처,요즘 회사에서 팀원들 때문에 고민이야.,팀원들과 갈등이 있으신가요? 더 자세히 듣고 싶어요.,업무량이 많아서 야근해야 할 것 같은데 밑에 있는 팀원이 약속이 있다고 못 한다는 거야.,업무량이 많아서 힘드시겠군요. 왜 그렇게 행동하는 것 같으세요?,젊은 친구들은 일보다는 개인적인 약속이 더 중요하다고 생각하나 봐.,혼자 하셔야 한다니 힘드시겠어요. 도움을 받을만한 다른 팀원은 없으신가요?
12111,청년,여성,"진로,취업,직장",해당없음,상처,배신당한,직장 상사가 내 아이디어를 자기 것처럼 제출했어!,상사가 아이디어를 가로채서 배신감을 느끼셨겠어요.,그러니까 말이야! 친한 사람이었는데 어떻게 이럴 수 있지?,친한 사람이었다면 배신감이 더 크게 느껴지겠네요.,술 한잔하면서 섭섭하다고 얘기해야겠어.,잘 해결되도록 응원하고 있을게요.
18394,노년,남성,재정,만성질환 무,불안,취약한,상견례 자리에서 우리의 경제력이 뒤쳐진다고 결혼을 다시 생각해보자고 하네. 결혼이 취소될까 불안해.,경제력이 뒤쳐지는 것 때문에 아들의 결혼이 취소될까 봐 불안하시군요.,단 한 번도 경제력이 아들의 결혼의 발목을 잡는 문제가 될 거라고 생각해보지 못했어.,경제력이 아들의 결혼의 발목을 잡는다고 생각하지 못했군요. 어떻게 하면 지금의 상황을 변화시킬 수 있을까요?,할 수 있는 게 아무것도 없는 것 같아. 아들과 대화를 해야겠어.,아들과의 대화로 상황이 잘 풀렸으면 좋겠어요.
25431,노년,여성,재정,만성질환 유,슬픔,마비된,의사는 내가 수술을 하면 나을 수 있다고 했지만 나에겐 수술비가 없어서 너무 슬퍼.,재정 상황 때문에 치료가 어려워 슬프시군요.,이제 희망이 없다고 느껴져서 감정이 마비되는 기분이야.,희망이 없다고 느껴져 감정이 마비되는 것 같은 지금의 기분에서 벗어나기 위해 무언가 할 수 있는 것은 있을까요?,인터넷에 글이라도 올려서 후원해주는 사람을 찾아야겠어.,수술비를 후원해주는 사람을 찾을 수 있길 바라요.
44818,청소년,여성,가족관계,해당없음,상처,버려진,엄마가 남자친구에 대해 지나친 간섭 때문에 짜증 나.,어머니의 지나친 간섭 때문에 짜증났군요.,엄마와의 대화로도 풀리지 않을 것 같아.,짜증나는 기분을 어떻게 해결하면 좋을까요?,엄마에게 한 번 진지하게 이야기해보고 싶어.,대화가 잘 풀려서 해결되었으면 좋겠어요.
46776,중년,남성,"재정,은퇴,노후준비",해당없음,슬픔,낙담한,마흔여섯 먹은 아빠가 자식들한테 좋은 옷 한 벌 사 주지도 못해 슬프다.,자식들에게 옷도 못 사 주고 슬프시겠어요.,내 아이들 아빠 잘못 만나서 고생이 많아. 애들이 너무 안쓰러워.,아이들을 행복하게 해 주는 방법에는 무엇이 있을까요?,아이들을 더 사랑해주고 아껴주는 좋은 아빠가 되어야지.,좋은 아빠가 되시길 바라요.
9607,중년,남성,"대인관계(부부, 자녀)",해당없음,당황,외로운,주말인데 와이프는 나갔고 외롭군.,와이프는 어디 가셨어요?,오늘 근무 일이라 일하러 나갔어. 내가 요새 일을 안 하거든.,주말에도 일하느라 고생하시는군요.,맞아. 내가 요새 벌이가 안 좋아서 와이프가 고생하는 것 같아. ,아내 분에게 미안해하시는 마음이 느껴지네요.
10133,중년,남성,"재정,은퇴,노후준비",해당없음,기쁨,감사하는,정말 고마운 일이 있는데 감사한 마음을 어떻게 보답해야 할지 모르겠어.,고마운 일이 있으셨는데 어떻게 보답할지 고민이시군요. 어떤 고마운 일이 있었는지 말씀해 주실 수 있으신가요?,회사가 좋지 않은 사정으로 문을 닫게 됐어. 그런데 사장이 다른 회사에 잘 이야기해서 내가 일을 계속할 수 있게 됐어.,사장 덕분에 일을 계속할 수 있게 돼서 고마움을 느끼셨군요. ,,
33787,청년,남성,"진로,취업,직장",해당없음,당황,남의 시선을 의식하는,면접에서 떨어졌는데 면접관이 나를 어떻게 봤었는지 너무 궁금해.,면접관분들이 사용자님을 어떻게 생각하실지 궁금해하고 계시네요.,나처럼 바보같이 면접을 본 사람도 없을 거야.,어떻게 하면 사용자님이 덜 신경 쓰게 될 수 있을까요?,나 말고도 비슷한 사람이 많았을 거라고 생각하니 깔끔하게 잊고 나서 새 직장을 찾고 싶어.,깔끔하게 잊으려고 하시는군요. 새 직장을 찾으려면 무엇부터 준비하는 것이 좋을까요?
13921,청소년,여성,가족관계,해당없음,상처,버려진,아빠는 내가 태어나자마자 떠나버렸대.,아빠가 떠나버려서 정말 슬프겠어요.,날 보지도 않고 떠나다니 원망스러워. 평생 상처로 남아.,지금 이 기분에서 벗어나기 위해 할 수 있는 일은 뭐가 있을까요?,엄마와 얘기해본 다음 아빠에게 연락해봐야겠어.,엄마와 대화 후에 이 상황을 잘 극복하길 바라요.
24415,노년,남성,"건강,죽음",만성질환 무,불안,회의적인,노년이 되니 사람이 꼭 오래 살아야 할 필요는 없다고 생각해.,꼭 오래 살아야 할 필요가 없다고 느끼시는군요.,더 오래 산다고 뭐가 나아지는 것도 아닌 것 같고.,삶에 고민이 생겨 힘드시겠어요. 이 고민에서 빠져나오기 위해 어떤 방법이 있을까요?,내 동년배들하고 얘기해봐야겠어.,친구들이 건강식품을 좋아했으면 좋겠네요.
23130,중년,남성,"직장, 업무 스트레스",해당없음,불안,스트레스 받는,상사가 지시한 업무가 너무 무리여서 팀원들을 어떻게 설득해야 할지 걱정이야.,무리한 업무도 힘든데 팀원들 설득까지 하시려면 걱정이 많으시겠어요.,요즘 그 걱정에 스트레스도 많고 불안해.,이 힘든 상황을 어떻게 극복할 수 있을까요?,지시받은 업무에 대해서 팀원들과 이야기를 나눠봐야겠어.,상사와의 대화로 불안이 해소되면 좋겠어요.
22097,청년,남성,"연애,결혼,출산",해당없음,기쁨,기쁨,얼마 전에 옹알이를 하기 시작하더니 오늘 아침에 드디어 나한테 아빠라고 말했어! 정말 기뻐!,딸이 아빠라고 처음 말하다니 감격스럽겠어요.,처음 아빠라는 말을 들었을 때는 너무 기뻐서 눈물이 날 정도였어.,어떤 것이 이 기쁨을 더 느끼게 하는데 도움이 될까요?,앞으로 딸한테 관심을 더 많이 주고 말도 많이 시켜야겠어.,모두에게 좋은 결정을 내렸으면 좋겠어요!
12209,청년,여성,"진로,취업,직장",해당없음,불안,스트레스 받는,일이 너무 많아서 지치고 힘들어. 만사가 다 짜증 나.,업무가 많아서 정말 힘들겠어요.,회사 갈 생각만 하면 너무 스트레스받아.,평소 스트레스를 받으면 어떻게 해소하셨나요?,이번 주말은 아무것도 안 하고 푹 쉴 거야.,주말에 쉬면서 스트레스가 해소되길 바랄게요.
213,청년,남성,대인관계,해당없음,상처,희생된,생각해보면 나는 항상 형이라는 이유로 동생에게 양보만 하고 살아왔던 것 같아. 부모님도 늘 동생 편만 드시고.,동생에게 양보하고 자신을 희생해온 것이 아쉬우시군요.,부모님께 말씀드려서 그동안 서운했던 점을 이야기하고 앞으로는 동등하게 대해달라고 요구해야겠어.,부모님과의 대화를 통해 현재의 문제를 해결하려 하시는군요.,,
27344,청소년,남성,학업 및 진로,해당없음,상처,버려진,성적 때문에 이제 친구들이랑 못 놀게 됐어. 성적 때문이라 속상하고 눈물이 나.,성적 때문에 친구들과 같이 못 놀게 되어 슬프군요.,내 성적이 너무 안 좋아서 상위권 친구들과 못 놀게 됐어 이제.,성적 차이 때문에 이런 일이 생기는 거군요. 이 상황에서 할 수 있는 것은 어떤 것이 있을까요?,일단 다른 친구들을 사귀어볼래.,성적과 관련 없는 새로운 친구들을 사귀어서 놀았으면 좋겠어요.
18139,중년,여성,건강,해당없음,슬픔,비통한,어제 우울증이 걸린 친구가 자해를 했어. 친구의 아픔을 미리 알아도 막아주지 못해 미안해.,친구의 자해소식에 비통한 심정이군요.,응. 어떻게 하면 친구를 위로해줄 수 있을지 모르겠어.,어떻게 하면 상황을 나아지게 할 수 있을까요?,친구에게 찾아가 따뜻한 말 한 마디와 맛있는 한 끼를 차려주고 싶어.,친구에게 위로를 할 생각이시군요.
46232,노년,여성,재정,만성질환 무,분노,노여워하는,딸에게 도움으로 주느라 노후 준비가 되지 않았어.,노후 준비가 되지 않아 많이 힘드시겠군요.,내 탓인 것 같아. 노후 준비도 해야 했는데 내가 바보였어.,이 상황에서 할 수 있는 것이 무엇이 있을까요?,지금이라도 노후 준비를 조금씩 해야겠어.,주위에 도움을 요청하여 상황이 나아지길 바라요.
40513,노년,남성,"건강,죽음",만성질환 무,당황,외로운,요즘 깜박깜박해서 걱정돼.,건방증이 심하신가요?,자주 잊어버려  두려워.,기억력이 안좋아지는게 느껴지세요?,하루하루 나빠지는것 같아.,어떻게 하면 기억력이 좋아질까요?
13298,청소년,여성,가족관계,해당없음,상처,희생된,부모님께서 최근에 이혼을 하셨는데 두 분 다 날 키우기 싫다고 하셔서 마음이 너무 아파.,부모님께서 키우기 싫다며 서로에게 떠넘기는 것 때문에 상처를 많이 받으셨겠군요.,나를 키우는데 돈이 많이 들어서인가 내가 돈보다 못한 존재인가 생각이 들어.,어떤 것이 마음의 상처를 더는데 도움이 될까요?,무엇을 해야 할지 모르겠어. 아무것도 도움이 안 될 것 같아.,지금의 상황과 감정을 이해하고 나눌 수 있는 사람이 가까이에 있으면 좋겠어요.
45549,노년,남성,"건강,죽음",만성질환 무,불안,불안,어디에선가 자꾸 환청이 들려 너무 괴로워.,환청 때문에 괴로우시군요.,그래서 일상에도 집중할 수가 없어. 항상 초조한 상태야.,이런 기분을 떨치기 위한 방법이 없을까요?,모르겠어. 어떻게 해야 할지 모르겠어.,주변에 이 상황을 도와줄 수 있는 사람이 있으면 좋겠어요.
15656,노년,여성,대인관계,만성질환 유,기쁨,기쁨,버스를 타고 집으로 돌아가는 길이었는데 한 청년이 자리를 양보해줘서 기뻤고 고마웠어.,버스에서 자리를 양보해 준 분이 있어서 기분이 좋으셨군요.,갑자기 허리가 많이 아팠는데 그걸 알아챘는지 자리를 양보해주더라고.,예전에 이런 일이 있으셨을 땐 어떻게 하셨어요?,감사의 인사를 전하면서 복 받을 거라고 말했던 것 같아.,그 청년에게도 감사한 마음이 잘 전달되길 바라요.
37258,청소년,여성,학업 및 진로,해당없음,당황,당황,오늘 성적이 발표되었는데 좀 이상해.,무슨 점이 이상하신데요?,아니. 가채점보다 낮게 나왔어. 어떤 이유지?,글쎄요.잘모르겠네요. 어찌 하실 건가요?,우선.학교가서 스승님께 확인 좀 받으려고. 뭐 때문에 낮게 나왔는지 확인할 거야.,그래요. 반드시 확인하세요.!
38528,노년,여성,재정,만성질환 무,불안,회의적인,요즘 씀씀이가 커졌나 봐. 지출을 줄여야겠어.,지출을 많이 하세요?,가계부를 보니 지출이 확 늘었던걸. 노후 준비 하느라 스트레스를 받았는지 자꾸 뭐가 사고 싶지 뭐야.,최근 노후를 준비하고 계신가보네요.,아껴야 나중에 편한 노후를 보낼 수 있을 것 같아.,편안한 노후를 보내시기 바라요.
25304,노년,여성,대인관계,만성질환 유,상처,버려진,모임이 있는데 내가 병이 나니까 나를 자꾸 따돌려.,아프셔서 모임에서 따돌림을 받는다는 생각이 드시는군요. 좀 더 말씀해주시겠어요?,지들끼리 재미 보려는데 아픈 내가 끼니 성가신 게지.,모임에서 환영받지 못한다고 느끼시는군요. 속상한 마음을 달랠 수 있는 방법이 있을까요?,성가셔 하는 사람들과 어울리면서 기분 나쁠 게 뭐있어. 안보고 살면 되지.,스스로를 위해 거리를 두는 것이 좋겠다고 생각하시는군요. 속상한 마음이 나아지시길 바랄게요.
51412,중년,남성,"재정,은퇴,노후준비",해당없음,슬픔,실망한,요즘 경제난이 심각해서 나도 덩달아 소득이 줄었어. 너무 서럽고 슬프다.,경제난으로 슬퍼하고 계시는군요.,아이와 아내도 있는데 이전보다 소득이 반 이상 줄어들었어. 내 탓이 아닌데도 너무 우울해.,소득의 감소로 인해 우울해하시네요. 어떻게 하면 좋을까요?,소득이 줄어든 만큼 소비를 줄이거나 내가 좀 더 일거리를 찾아봐야지.,정해진 소득 내에서 어렵지 않길 빌게요.
431,노년,남성,"건강,죽음",만성질환 무,슬픔,눈물이 나는,사랑하는 아내가 세상을 떠나서 이루 말할 수 없이 슬퍼.,인생의 동반자였던 소중한 아내가 세상을 떠나서 슬프시겠어요.,나를 두고 떠난 사랑하는 아내가 너무 보고 싶어서 눈물이 멈추질 않아.,사랑하는 아내가 몹시 보고 싶으시군요. 이 슬픔을 어떻게 덜어내야 좋을까요?,눈물을 멈출 방법은 없지만 사랑하는 사람의 마지막을 슬퍼해 줄 사람이 나라서 다행이야.,아내분의 마지막을 슬퍼해 줄 수 있어서 다행이라고 생각하시는군요.
50723,청소년,여성,가족관계,해당없음,분노,분노,난 아직도 새아빠한테 아빠라고 부르지 못하는 나 자신이 밉고 싫어.,새아버지에게 아버지라고 부르지 못하는 자신이 밉고 싫으시군요.,새아빠는 나를 위해 뭐든 다 하시는데 나는 아직 마음의 준비가 안 되어있나 봐.,이 상황에서 할 수 있는 게 어떤 것이 있을까요?,새아빠랑 단둘이 있을 때 용기 내어 아빠라고 불러야겠어.,꼭 용기 내어 아빠라고 불러서 이 상황을 극복했으면 좋겠어요.
41281,노년,남성,대인관계,만성질환 무,불안,취약한,얼마 전부터 한 건물의 경비원으로 출근을 해.,경비원으로 출근하게 되셨군요.,근데 자꾸 사람들 마주하는 것이 두렵네. 아직 준비가 안 되어 있는 듯해.,처음이라서 그러신 걸까요?,사람들도 인사를 하면 뭐 대수롭지 않게 성의 없이 받네. 난 깍듯이 인사를 했다고 생각하는데.,사람들의 반응에 마음이 불편하셨나 보네요.
2711,중년,여성,건강,해당없음,불안,걱정스러운,기분이 좋지 않아,기분이 좋지 않은 이유를 알 수 있을까요?,요새 건강검진을 받았는데 건강 상태가 좋지 않아.,건강 상태가 좋지 않아 많이 속상하시겠어요. 어디가 안 좋은가요?,여기저기 관리해야할 곳이 많네.,관리해야하는 곳이 많아 걱정이 있으시군요.
33843,청소년,남성,학업 및 진로,해당없음,슬픔,눈물이 나는,나는 학교 폭력을 당했어. 그런데 그것보다 더 억울한 건 당한 내가 학교를 옮겼다는 거야.,많이 힘드시겠어요. 괜찮으신가요?,괜찮지가 않아. 비록 과거지만 나는 아직도 이해가 안 돼.,많이 힘드시겠어요. ,그래도 이제 극복해야하지 않나 생각중이야.,어떻게 극복하실 생각이신가요?
31255,노년,여성,재정,만성질환 무,상처,괴로워하는,큰 딸을 시집보내는데 변변한 예단 없이 보내서 딸에게 미안해.,따님을 시집 보내시면서 따님에게 미안한 마음이 드셨군요.,우리 딸이 자기가 착실히 번 돈으로 알아서 다 했어.,어떻게 하면 따님한테 미안한 마음이 누그러질 수 있을까요?,항상 그 자리에 있어주고 힘들 때나 괴로울 때 든든한 버팀목이 되어 주어야지.,사용자님의 마음이 따님에게 잘 전해지기를 바라요.
35827,청소년,여성,학업 및 진로,해당없음,불안,혼란스러운,나는 지금도 진로를 정하지 못했는데 고등학교에 입학하니 다들 진로를 정하라고 해.,진로 생각으로 고민이 있으시군요.,아직 내가 뭘 하고싶은지도 모르겠는데 모두들 진로를 정하라고 하니 복잡해.,많이 복잡하시겠어요.어떻게 하면 잘 이겨낼 수 있을까요?,학교생활을 하며 내가 정말 하고싶은 일을 찾아볼거야.,굳 아이디어네요.
14479,노년,여성,대인관계,만성질환 유,상처,고립된,허리 통증 때문에 집에만 있어야 돼서 고립된 것 같아.,혼자 시간을 보내다 보니 외로우시군요.,직업을 가지고 싶은데 아직 아무것도 못하거든.,그럼 많이 무기력하시겠어요. 이런 상황에서 어떻게 하는 것이 좋은 방법일까요?,앞으로 산책을 하면서 밖에도 나갈 생각이야.,산책을 하면서 답답한 마음을 풀어 보려고 하시는군요.
18939,청소년,여성,학업 및 진로,해당없음,당황,고립된,프로게이머가 되고 싶은데 선생님은 그런 나를 한심하게 생각하는 것 같아서 속상해.,선생님이 진로에 대한 고민을 진지하게 들어주지 않아 속상하시군요.,선생님은 잘 모르시면서 게임을 무조건 한심하다고 생각하시는 것 같아.,선생님은 잘 모르시면서 게임을 무조건 한심하다고 생각하시는 것 같군요. 이 상황을 변화시키기 위해 무엇을 할 수 있을까요?,선생님에게 요즘 게임이 단순 오락이 아니라 스포츠라고 말씀 드리고 싶어.,선생님과의 대화로 상황이 나아지길 바라요.
14278,청소년,여성,가족관계,해당없음,기쁨,신이 난,친구랑 놀러 가는데 엄마가 용돈도 많이 주셨어. 너무 기뻐.,엄마가 용돈을 많이 주셔서 상당히 기쁘시겠어요.,이 용돈으로 유익한 시간 보내고 싶어.,용돈으로 할 수 있는 것엔 무엇이 있을까요?,놀이동산에 가서 재미있게 놀 거야.,놀이동산에 가서 즐거운 시간을 보내길 바라요.
36338,청소년,여성,학교폭력/따돌림,해당없음,상처,배신당한,친한 벗이 갑자기 배척을 하니 배신당한 느낌이야.,친한 벗이 갑작스레 변심하여 따돌림을하면 배신당한 기분이 들겠 네요. 친구와 대화는 해보 셨나요?,이야기를 꼭 들어서 더 섭섭해.,문제가 잘 해결되어서 다시 벗과 행복하게 학교생활을 하시면 좋겠네요.,,
43590,청년,여성,"진로,취업,직장",해당없음,당황,부끄러운,언제까지고 아르바이트만 하며 살 순 없을 텐데 취업이 너무 어려워. 이런 내가 너무 원망스러워.,취업 문제로 괴로운 상황에 처해있으시군요.,날 필요로 하는 곳은 정말 없는 걸까? 부모님께 손 벌리기도 죄송해서 못 하겠어.,현재의 괴로운 상태를 벗어나기 위해 할 수 있는 일은 무엇일까요?,포기하지 않는 것인 것 같아. 난 아직 이루고 싶은 것도 많고 효도도 못 했으니까.,포기하지 마시고 이루고자 하는 바를 이루시길 바라요.
44069,중년,남성,건강,해당없음,당황,남의 시선을 의식하는,나 요즘 갱년기인 것 같아. 너무 우울하네.,갱년기 같아서 기분이 좋지 않으시군요.,난 왜 그럴까? 난 정말 문제야.,이런 기분이 들 때마다 어떻게 하셨나요?,일기를 썼었어. 이번에도 그래야겠다.,이번에도 일기를 쓰셔서 기분이 좋아지시길 바라요.
9723,중년,여성,"직장, 업무 스트레스",해당없음,상처,고립된,직장에서 외톨이가 되었어.,직장에서 외톨이가 되어서 속상하시군요. 좀 더 자세히 이야기해 줄 수 있어요?,다들 골프를 하는데 나만 못하니까 자기들끼리 주말에 따로 만나고 단체 채팅방도 따로 만든 거 같아.,나만 빼고 자기들끼리 노는 것 같아서 소외된 느낌을 받으셨군요. ,,
7041,청년,남성,"연애,결혼,출산",해당없음,상처,질투하는,이번에 친구 녀석이 아홉 살 연하랑 결혼한다네. 난 아직 싱글인데 부러워 죽겠네.,연하 신부를 맞는 친구가 매우 부러우시군요. ,부러운 정도가 아니라 엄청나게 질투 나지. 심지어 예쁘기까지 하던데.,만나는 사람도 없는 상황에서 친구가 연하의 미모의 여성과 결혼한다니 많이 질투 나겠어요.,,
49813,청소년,남성,학업 및 진로,해당없음,상처,질투하는,시험성적 스트레스 때문에 미치겠어. 게임을 하는 게 유일한 삶의 낙이라니까.,스트레스가 크셔서 게임에 빠지셨군요.,한편으로는 너무 게임에만 몰두하는 게 아닌가 싶어서 고민이야.,게임에 빠지셔서 고민이군요. 앞으로 어떻게 해야 할까요?,아무래도 내가 너무 학업 문제를 피하려고만 했던 것 같아. 마음잡고 해봐야겠어.,마음을 다잡아서 기분이 나아지셨으면 좋겠네요.
13096,청년,여성,"진로,취업,직장",해당없음,상처,상처,신규상품 홍보를 위해 나보고 길거리 전단지 배포 업무를 하래.,전단지 배포 업무를 해서 슬프시겠어요.,요즘 일이 너무 힘들고 지쳐. 거기다 전단지 배포 업무를 하라고 하니 너무 상처야.,전단지 배포 업무를 하라고 해서 상처받으셨군요. 어떻게 하면 상황이 나아질까요?,친구들과 신나게 스트레스를 풀어야겠어.,친구들과 즐거운 시간을 보내시며 스트레스도 날아가길 바라요.
28579,노년,남성,재정,만성질환 유,불안,혼란스러운,요즈음같이 코로나일구로 외출을 억제하다 보니 돈도 별로 필요 없는 것 같아.,그렇지요? 인터넷으로 필요하신 거 주문하시곤 하세요? ,필요한 것이 별로 없기도 하고 또 인터넷 이용도 조금은 서툴러서 어떻게 해야 하는지도 모르겠어. ,갑작스러운 사회적 분위기 변화에 적응하기 혼란스러워 보이시네요.,외출을 거의 안 하다 보니 돈 쓸 일도 별로 없고 이러려고 돈 벌려고 아웅다웅하며 살아왔나 하는 자괴감도 들 때도 있어. ,여러 가지 변화에 많은 고민이 있어 보이시네요.
42062,중년,남성,"직장, 업무 스트레스",해당없음,분노,성가신,일이 너무 힘든데 경제적 이유로 그만둘 수가 없어. 나는 돈 버는 기계 같아.,돈 때문에 힘든 일을 그만두시지 못하시는군요.,좀 쉬면서 내 시간을 갖고 싶은데 그럴 수 없어. 내가 능력이 없어서 그런 거 같아.,무능력함을 느껴 괴로우시군요. 앞으로 어떻게 해야 할까요?,내 시간을 확보할 수 있는 방법을 찾아야겠어.,좋은 아이디어가 생각나길 바라요.
20815,청년,여성,"진로,취업,직장",해당없음,슬픔,마비된,취업이 안되니 그냥 포기하고 부모님 집에서 지내고 있어.,취업을 포기했다니 무기력해졌을 것 같아요.,맞아 게다가 집에만 있으니까 밖에 나가기도 싫어.,집에만 있으니까 밖에 나가기가 싫군요. 어떻게 하면 지금의 상황을 변화시킬 수 있을까요?,일단 운동이라도 하면서 기운을 차려야겠어.,어서 기운을 차렸으면 좋겠어요.
41,청년,여성,"진로,취업,직장",해당없음,슬픔,비통한,직장 생활 육 개월 차인데 아직도 적응하기가 힘들어. 사회생활이 이렇게 괴롭고 슬픈 일이 많을 줄 몰랐어.,회사에서 어떤 일이 있으셨나 보군요. 저에게 말씀해주실 수 있나요?,입사하고 나서 정시에 퇴근한 적이 거의 없고 항상 야근만 했어. 근데 회사에서는 야근 수당도 주지 않아.,일한 만큼의 보수를 주지 않아 몸도 피곤할 텐데 마음도 아주 속상하시겠어요.,,
11430,청년,남성,"연애,결혼,출산",해당없음,불안,두려운,십 년 넘게 함께한 친구가 언제부터 여자로 느껴지기 시작해서 아무 일도 손에 잡히지 않아.,오래된 친구가 갑자기 이성으로 느껴져 다른 일은 손에도 잡히지 않는 상황이군요. 어떻게 하고 싶으세요?,고백했다간 친구 사이로 다시 못 보게 될까 봐 두려워. 하지만 그 친구 생각이 머리에서 떠나질 않아.,너무 소중한 사람이라 두려움도 큰 듯해요.,맞아. 나에게 긍정적인 감정은 있는 것 같은데 주변의 친구를 통해 좀 더 알아보는 것은 어떨까?,역시 본인에게 소중하고 좋은 친구인 것 같네요. 그만큼 고백하기가 신중해지는군요.
44695,중년,여성,건강,해당없음,당황,당황,너무 답답하고 우울해서 채팅으로 만난 친구한테 고민 상담을 했는데 괜한 짓을 한 것 같아.,답답하고 우울해 채팅 친구에게 고민 상담을 한 것을 후회하시는군요?,믿을만한 사람이라고 생각해서 별 얘기 다 했는데 자꾸 우리 가족에 대해 꼬치꼬치 캐는 거야.,믿을만한 사람이라 얘기했는데 가족에 대한 걸 캐묻는군요.,갑자기 너무 무서워졌어. 사이트 탈퇴하고 번호도 바꾸고 앞으로는 조심해야 할 것 같아.,사이트 탈퇴하고 폰 번호도 바꾸시고 조심하셔서 별일 없기를 바라요.
14019,청년,여성,"연애,결혼,출산",해당없음,상처,버려진,애인하고 헤어졌어. 내가 차였어.,애인과 헤어지다니 상심이 크겠어요.,결혼까지 생각한 사람인데 떠나버렸어. 왜 떠났는지도 모르겠어.,결혼까지 생각한 사람인데 떠나버렸군요. 이 상황에서 할 수 있는 게 어떤 것이 있을까요?,붙잡고 싶은데 마음이 이미 떠나버린 것 같아. 한 번만 더 설득해봐야지.,애인을 잘 설득해서 지금 상황을 잘 극복하기 바라요.
1166,청소년,남성,학교폭력/따돌림,해당없음,상처,질투하는,학원 친구가 나보다 좋은 대학교에 합격해서 기분이 안 좋아.,친구가 사용자님보다 좋은 대학에 합격해서 질투심을 느끼고 있군요.,나도 열심히 노력했는데 친구가 더 좋은 결과를 받아서 부러워.,열심히 노력했는데 원하는 결과를 얻지 못해 질투가 난 것 같아요.,나도 현실을 받아들이고 더 열심히 하는 방법뿐이야.,스스로 더 노력하려고 하는군요.
16919,노년,남성,대인관계,만성질환 무,상처,배신당한,친구가 팔던 영양제라 믿고 샀는데 어디서 만들었는지도 모르는 저질 상품이었다니.,친구 분에게 산 영양제에 문제가 있었군요.,텔레비전에서 노년 대상 사기 수법이라고 본 상품이랑 똑같았다니까. 전화도 안 받더라고.,이미 전화를 피하고 계시군요. 이 상황을 해결하기 위해 할 만한 방법이 있을까요?,그 사람은 친구도 아니야. 친구 녀석들과 모여서 어떻게 해야 할 지 의논해 봐야겠어.,친구 분들과의 대화로 영양제 문제가 해결되었으면 좋겠네요.
891,중년,남성,"재정,은퇴,노후준비",해당없음,기쁨,흥분,그동안은 몰랐는데 아내가 나 몰래 우리 노후 준비를 끝냈다고 해서 기뻐.,아내분이 따로 노후 준비를 해 둔 걸 알게 되어서 기쁘시겠어요.,그러게. 아내가 알뜰한 줄은 알았지만 재테크에 능력이 있는 줄은 몰랐어.,아내의 재테크 능력에 놀라셨군요. 노후 자금은 어떻게 쓰실 계획이신가요?,아내와 둘이서만 해외여행을 다녀오고 그다음에는 아파트를 정리해서 전원생활을 하고 싶어.,여행도 가고 전원생활도 하는 노후를 즐기시길 바라요.
4092,청년,여성,"연애,결혼,출산",해당없음,상처,억울한,신혼여행을 가고 싶은데 코로나 때문에 못 갔어.,신혼여행은 인생에 한 번뿐인 기회인데 너무 아쉬울 것 같아요.,게다가 일정이 미뤄지면서 위약금까지 어마어마해.,계획한 대로 이루어지지 않아 아쉬울 텐데 비용까지 많이 들어 억울하시겠어요.,맞아 그래서 너무 화가 나.,계획한 대로 되지 않아 많이 속상하실 것 같아요. 잘 마무리가 되었으면 좋겠어요.
4409,청년,여성,"진로,취업,직장",해당없음,슬픔,우울한,아침마다 회사에 출근하는 것이 너무 괴로워.,일터로 출근하기 괴로우시지요?,우리 회사는 왜 재택근무 실시를 안 하는 걸까. 친구들은 다 하고 있다는 말을 들으니 우울해져.,친구들과 다른 환경에서 일하셔서 더 우울하시겠어요.,,
31205,노년,남성,대인관계,만성질환 유,불안,초조한,같이 일하는 친구가 갑자기 쓰러졌대.,저런. 친구 분 건강이 안 좋으셨나요?,잘 모르겠어. 지금 병원에 가는 중이야.,친구 분 건강에 별 문제가 없기를 바라요.,,
4773,중년,남성,"대인관계(부부, 자녀)",해당없음,기쁨,신뢰하는,아이에 대한 아내와의 의견은 항상 일치하는 편이야.,어떤 의견인가요?,예를 들면 학원 공부나 아이의 취미생활 같은 거 말이야.,서로 의견이 맞아서 다행이네요.,가족들과의 신뢰를 위해 배려하는 대화를 많이 하는 편이거든.,가족들과의 대화를 중요하게 생각하고 계시는군요. 멋지세요.
3738,청년,여성,"진로,취업,직장",해당없음,분노,노여워하는,공기업 부당 채용 뉴스가 남 얘기 같지 않고 화가 나네.,공기업 부당 채용 뉴스를 보셨군요. 무슨 일이신가요?,취업 준비생 입장에서 당황스러워. 더군다나 사기업도 아니고 공기업이라니 사기업에는 이런 일이 빈번하게 일어날 것을 생각하니 더 화가 나.,기회가 모두에게 공평하게 주어진 것이 아니라는 생각에 억울하시겠어요.,이런 일이 일어나는 걸 완전히 막을 순 없겠지만 제대로 된 제도를 통해 최대한 방지하면 좋겠어.,노력한 사람들이 정당한 보상을 받는 사회가 되었으면 좋겠네요.
34291,청년,남성,"진로,취업,직장",해당없음,분노,악의적인,야근을 하면서 야근 수당도 안 챙겨줘서 고발했어. 짜증 나.,야근 수당을 안 챙겨줘서 고발하셨군요. 짜증이 많이 나셨겠어요.,올바른 일을 한 거겠지? 마음이 살짝 불편하긴 해.,마음이 편해질 수 있는 방법이 있을까요?,고발한 생각을 그만 곱씹어야겠어.,생각을 멈추기 위해 어떤 일을 하는 게 좋을까요?
38407,노년,남성,재정,만성질환 무,슬픔,낙담한,직업에 만족을 못 하다 보니 자신이 안쓰럽네.,직업이 만족스럽지 않으신가요?,이직하려 해도 나이도 많고 기술도 없으니 한계가 있어.,그럼 일을 즐겁게 할 수 있는 방법은 없을까요?,마음을 먹으려고 노력은 하지만 예전 잘 나가던 생각을 하면 노력하는 것마저 안쓰러워.,마음이 많이 힘드신 것 같아 보여요.
33309,중년,남성,"대인관계(부부, 자녀)",해당없음,당황,고립된,나는 아내랑 딸과 같이 살고 있는데 같은 여자라서 그런지 두 사람만 대화하고 나는 끼어주지 않아서 고립된 것 같아 속상해.,모녀의 대화에 함께하지 못해 무척 고립감이 큰가 봐요.,아직 그러지는 않았지만 나의 고립되고 당황스러운 마음을 전달하고 싶어.,솔직한 감정을 전달하려고 하시는군요.,잘할 수 있을지 몰라 조심스러워 하지만 솔직하게 전달할 수 있도록 노력해볼거야,솔직한 감정전달에 앞서서 조심스러움을 느끼시는것같아요.
1813,청소년,남성,가족관계,해당없음,기쁨,만족스러운,형이 이번에 태권도 선수가 됐는데 금메달을 수상했어. 그래서 나도 기뻐.,형이 금메달을 따서 기분이 기쁘시군요.,응. 나도 좋았지만 특히나 부모님이 기뻐하셨어.,형이 금메달 따서 부모님도 모두 기뻐하셨군요.,내가 생각해도 형이 진짜 대단해. 내 형이어서 뿌듯해.,형을 대단하다고 생각하셨군요.
36375,청소년,여성,가족관계,해당없음,슬픔,마비된,최근 가족들이 전부 나한테 차갑개 구는 것 같아 예전이랑 달라졌어.,식구분들이랑 무슨일이 있으셨나요??,그냥 얼마전에 좀 속상한일이있어서 화를 냈더니 그 뒤로 계속 이상태야 내가 뭘 그렇게 잘못했는지 모르겠어.,그런일이 있으셨군요 그래도 가족이니까 곧 괜찮아질꺼에요.,,
6891,중년,남성,"대인관계(부부, 자녀)",해당없음,불안,걱정스러운,요즘 큰 딸과 대화하기가 어려워서 고민이야.,큰 따님과 소통에 어려움이 있어 고민하고 계시는군요.,사춘기라 그런지 자꾸 혼자 있으려 하고 엄마하고만 얘기한다니까. 아빠는 피하는 것 같아.,딸이 사춘기라 대화하기 힘들어 고민하고 계신 것 같아요. 이럴 때 상담할 수 있는 사람이 있나요?,우리 형에게 물어볼까? 벌써 다 큰 딸이 있거든.,형님에게 상담하려고 하시는 것 같네요. 도움이 되시면 좋겠어요.
14454,중년,남성,"재정,은퇴,노후준비",해당없음,슬픔,낙담한,내 돈은 아내가 마음대로 써버렸어.,자기 물건을 함부로 쓰면 기분이 나쁘겠네요.,맞아. 내 퇴직금인데 아들한테 사업하라고 줬다네.,그렇군요. 기분이 조금이라도 나아질 방법이 없을까요?,아내랑 이야기해봐야겠어. 싸울 것 같기도 하네.,아내분과 대화를 시도해 보려고 하시는군요.
33781,청년,남성,"진로,취업,직장",해당없음,당황,남의 시선을 의식하는,프로젝트가 무산돼서 팀원들이 속상해할 것 같아.,팀원들이 속상해할 것을 걱정하고 계시군요.,많이 준비했었는데 다들 상심이 클 거야.,어떻게 해야 속상한 마음을 덜어낼 수 있을까요?,커피라도 한 잔씩 돌리고 다시 힘내라고 해봐야겠어.,커피를 돌리려고 하시는군요. 또 어떤 방법으로 팀의 사기를 진작시킬 수 있을까요?
28189,노년,남성,대인관계,만성질환 유,불안,취약한,같은 병실을 사용하는 환자들은 다 병문안을 온 사람들이 있는데 나만 없어.,사용자님만 혼자라서 마음이 아프시겠어요.,자식들이 있는데 일하느라 바쁘다고 찾아오질 못하고 있어.,어떻게 해야 지금의 기분이 나아질까요?,자식들이랑 전화라도 좀 해봐야겠어.,자식들과의 전화를 통해 기분이 나아졌으면 좋겠네요.
34082,청소년,남성,학교폭력/따돌림,해당없음,분노,구역질 나는,친구들을 괴롭히는 애들을 보면 그 아이에게 왜 그러는지 물어보고 싶어서 답답해.,친구에게 직접 물어보고 싶어서 답답하시군요.,친구를 괴롭히는 심리가 궁금해. 사이좋게 지냈으면 좋겠어.,친구들과 사이좋게 지내고 싶군요. 사이좋게 지내려면 어떻게 해야 할까요?,서로 게임을 하면 친구들과 사이좋게 지낼 수 있을 거 같아.,게임을 해야 한다면 그것은 어떤 이유 때문인가요?
31445,노년,여성,대인관계,만성질환 유,불안,조심스러운,오래된 모임이 있는데 요즘 기침이 잦아져서 나가도 될지 모르겠어. 코로나까지 겹쳐서 말이야.,잦은 기침 때문에 모임에 나가는게 조심스러우시군요. ,그러게 말이야. 코로나 때문에 이래저래 고민이네.,코로나 때문에 고민이 많으시군요.,,
19410,노년,남성,대인관계,만성질환 유,상처,상처,내가 퇴원한지 얼마나 됐다고 자식들이 모두 집으로 가 버려서 서운해.,자녀 분들에게 많이 섭섭하셨겠어요.,일부러 자식들 좋아하는 국이랑 반찬을 해놨는데 매번 이러네.,이 상황을 해결할 좋은 방법이 있을까요?,자식들한테 진지하게 말을 해봐야겠어.,자녀 분들과 대화가 잘 풀려 기분이 좋아지셨으면 좋겠어요.
4029,청년,남성,"연애,결혼,출산",해당없음,기쁨,편안한,결혼하니까 마음이 편안하네.,어떤 점에서 마음이 편안하다고 느끼셨나요?,일단 생활에 안정감이 생기는 것 같아. 그리고 덜 외로운 것도 있고.,외로운 감정이 줄고 안정감이 생기셨다니 기뻐요.,,
23993,노년,남성,"건강,죽음",만성질환 유,불안,불안,오래 전 기억은 고사하고 요즘 있었던 일들까지 깜빡깜빡 하니 너무 불안해.,오래 전 기억과 최근 일들이 기억이 잘 안 나셔서 불안하시군요.,젊었을 적에는 기억 못하는 게 없었는데 더 심해질까 불안해.,어떻게 해야 불안한 감정이 해소될 수 있을까요?,아내와 치매를 예방하는 게임을 해봐야겠어.,꾸준한 운동을 통해 건강한 몸을 만드셨으면 좋겠네요.
26953,노년,남성,재정,만성질환 유,슬픔,낙담한,퇴직했는데 이제 어떻게 살아야하나 돈도 없고 걱정된다.,다 써버린 퇴직금과 경제문제로 어려움을 겪고 계시는군요.,나에게 남아있는 건 아무것도 없는 것 같아.,경제문제를 해결할 좋은 방법이 있지 않을까요?,더 이상 손 벌리긴 싫은데. 나에게 나오는 연금으로 최대한 삶을 버텨보긴 해야지.,삶에 의지를 가지고 살아가셔서 꼭 행복해지기를 바라요.
50118,청소년,남성,학업 및 진로,해당없음,당황,혐오스러운,이번 시험에는 성적을 잘 받아야 해. 근데 가끔 우울해서 공부하기 힘들어.,우울증이 공부에 방해가 되어서 힘드시군요.,성적 때문에 더 우울해지는데 치료를 더 적극적으로 받지 않은 것 같아 죄책감이 들어.,치료를 적극적으로 받지 않은 것 같아 죄책감이 드시는군요.,힘들지만 약을 잘 챙겨먹고 식후에는 걷기 운동이라도 하면서 좀 더 적극적으로 노력해볼 거야.,노력하셔서 죄책감에서 조금은 벗어날 수 있으면 좋겠어요.
41784,노년,남성,대인관계,만성질환 무,슬픔,우울한,요새는 울고 싶은 마음뿐이야.,슬픈 일이 있으셨나요?,외롭고 배고프고 춥네.,상황이 많이 힘드신 것 같아요. 도움을 청할만한 사람은 없으실까요?,그냥 울고만 싶어. 날 믿어주던 사람도 다 죽었네.,계속 울고싶은 기분이 드시나 봐요.
20780,중년,여성,"재정,은퇴,노후준비",해당없음,불안,초조한,지금 다니는 직장을 그만두고 새 일을 도전하고 싶지만 잘 될지 모르겠어. 불안해.,새로운 일에 도전하고 싶은데 잘 될지 모르겠어서 불안해 하시는 군요.,안정된 일을 하다가 새로운 일이 혹시라도 잘못 되면 어떨지 걱정이야.,새로운 일이 잘못되는 경우가 생길까 봐 걱정이 많으시네요. 이후 어떻게 하는 게 좋을까요?,당분간 직장은 다니면서 도전하고 싶은 일이 조금 안정적이 될 때까지 기다려야겠어.,생각하시는 대로 준비하셔서 잘 해결되었으면 좋겠어요.
14459,노년,남성,재정,만성질환 유,기쁨,느긋,항암 치료비를 마련할 수 있을 것 같아.,치료비를 마련하시다니 기분이 좋겠어요.,곧 퇴직금이 나오거든. 잘됐지?,기쁜 일이네요. 항암 치료비 걱정은 없어도 되겠어요.,맞아. 이렇게 살아온 게 너무 자랑스럽다.,스스로가 자랑스러워 행복하시겠어요.
3181,청년,남성,"연애,결혼,출산",해당없음,기쁨,편안한,나 조금 있으면 결혼해. 마음이 편안해져.,결혼하신다니 너무 축하드려요.,이제 결혼하면 안정적이고 편안한 생활을 할 수 있을 거 같아 기대돼.,결혼 후의 편안한 삶이 기대되시는군요.,연애와는 또 다른 마음가짐이 생기는 것 같고 잘살아 보려고.,맞아요. 앞으로의 결혼생활 잘하실 수 있을 거라 믿어요.
34374,청년,남성,"연애,결혼,출산",해당없음,상처,질투하는,가족여행을 와서 좋은데 딸이 남자 친구랑 전화만 해서 속상해.,가족여행에서 따님이 남자 친구와 전화만 해서 속상하시군요.,응. 가족여행까지 왔으면 가족에게 더 신경 써야 한다고 생각해.,가족여행에서 따님이 남자 친구만 신경 쓰는 모습이 속상하시겠네요.,딸이 가족여행에서는 가족들과 함께 보낼 수 있게 주의를 주어야겠어.,그렇게 했을 때 그려지는 최선의 모습은 어떤 것인가요?
50547,노년,남성,대인관계,만성질환 무,불안,취약한,내 소득수준이 낮아져서 너무 허탈해. 다른 사람들과 어울리기 힘들어.,소득수준이 낮아지셨군요. 마음이 허탈하시겠어요.,요즘 열등감이 큰 것 같아. 우유부단한 성격 탓에 대인관계까지 축소돼서 어려움이 많아.,대인관계까지 축소되셨군요. 해결책은 없을까요?,일단 우유부단한 성격부터 고쳐나가야겠어.,생각하신 것처럼 잘 고쳐지셨으면 좋겠어요.
22698,중년,남성,"대인관계(부부, 자녀)",해당없음,분노,악의적인,저녁은 집에 들어가서 먹고 싶지 않아. 그래서 매번 회사에서 저녁을 먹었어.,집에서 저녁 식사를 하는 게 불편하시군요.,왜 저녁을 집에서 먹어야 하는지 모르겠어. 화가 나.,이 분노를 줄이려면 어떻게 하는 게 좋을까요?,가족들과 집에서만 먹지 말고 외식을 한번 해야 할까 봐.,딸과의 관계도 좋아지고 속상한 마음이 하루 빨리 사라졌으면 좋겠어요.
6393,청년,남성,"진로,취업,직장",해당없음,불안,회의적인,요즘 들어 이 회사에 계속 다녀야 하나 생각이 들어.,회사에 계속 다녀야 하나에 대한 생각이 많으시군요.,응. 나의 경력에 큰 도움이 되지 않고 야근이 너무 많아.,야근으로 인한 피로가 많이 쌓이셨군요. 이직의 생각이 있으신가요?,아직 잘 모르겠어. 이직해야 할까?,경력에 도움이 되지 않고 야근이 많아 회의감이 느껴지신다면 다시 고민해보는 것도 좋을 것 같네요.
20383,노년,여성,"건강,죽음",만성질환 유,상처,상처,내가 자식들에게 이것 밖에 안 되나? 내 암 치료를 포기한대.,자녀분들의 결정에 정말 상처받으시겠어요. 더 자세히 말씀해 주시겠어요?,돈 때문이래. 나한테는 미안하지만 도저히 그 돈을 낼 수가 없대.,정말 속상하시겠어요. 지금 슬픔을 덜기 위해 할 수 있는 일이 있을까요?,그저 자식들에게 버려진 것 같아서 씁쓸하네. 친구들에게 신세타령이나 해야겠어.,친구들과 신세한탄이라도 하시면서 기분이 나아지셨으면 좋겠어요.
7162,중년,여성,"대인관계(부부, 자녀)",해당없음,불안,혼란스러운,갑자기 딸이 유학을 가겠다고 하네. 잘 다니던 직장을 관두고 무슨 유학을 가겠다는지 혼란스러워.,갑작스러운 따님의 유학으로 걱정이시군요.,나이도 있으니 결혼부터 하고 가지 갑자기 저러니 혼란스러워.,따님이 결혼을 안 하고 유학을 계획 중이라 걱정이시군요.,유학을 다녀오면 나이가 서른다섯은 넘을 건데 결혼은 안 하고 평생 혼자 살 생각인가 봐!,이 부분에 대해 따님과 이야기해보셨나요?
148,청년,남성,대인관계,해당없음,기쁨,느긋,난 사람들 만나는 것보다 집에 혼자 있는 게 더 좋은데 대인관계가 꼭 필요할까?,대인관계에 대해 필요성이 없다고 생각하시는군요.,내가 필요한 사람만 필요한 때에 만나면 되지 그렇지 않은 사람을 꼭 만날 필요는 없잖아.,대인관계에서 필요한 사람만 만나면 된다고 생각하시는군요.,,
38618,노년,남성,대인관계,만성질환 무,불안,당혹스러운,매일 텔레비전의 화면만 바라보면서 하루하루를 보내고 있어. 나만 겪는 어려움은 아니겠지만 여생을 산다는 것이 무의미 한 것 같아.,네 별일 없이 거의 매일 텔레비전만 바라보고 지내시기에 여생이 무의미 할 것 같다는 말씀이시군요. 그래도 특히 문제 되는 사연이 무엇이 있을까요?,그냥 가족이 있는데도 혼자라는 느낌이야. 실제로도 가족들과의 대화가 적고 유리 인간처럼 서로 대화 없이 지낸다는 점이 힘든 거야.,대화 부족으로 인해 힘이 든다고 말씀하시는군요. 혹 이런 경우 어떻게 하면 해결책을 갖고 있나요?,글쎄 사람 말에 집중하면 되지 않을까. 요즘 사람들은 집중하기 힘들어하니.,네 해결하려는 훌륭한 생각을 갖고 계시네요.
39972,노년,남성,대인관계,만성질환 유,상처,충격 받은,집 안에서도 밖에서도 나의 자리가 없어.,어디에도 속하지 못한다는 느낌을 받으시나요?,집에서는 불편한 사람이 된 것 같아. 밖에서도 필요한 사람이 아닌 것 같고.,어떤 이유로 그런가요?,나한테 말도 잘 안 걸고 내가 말하면 다들 귀찮아하는 것 같아. 실패한 인생이야.,이런 마음을 털어놓고 말을 할 분이 계신가요?
19591,중년,여성,"재정,은퇴,노후준비",해당없음,상처,고립된,은퇴하고 나서부터 남편이 나를 무시하는 기분이 들어.,은퇴도 힘든 시기인데 남편 분까지 그러니까 많이 외로웠겠어요.,은퇴시기에 남편이 날 무시한다 생각이 들어서 더 외로운 거 같아.,많이 외로우셨군요. 어떻게 하는 것이 가장 좋은 방법일까요?,남편에게 내 감정을 직접 말해주는 게 가장 좋은 방법인 것 같아.,감정을 직접 말해줘서 해결이 잘되었으면 좋겠어요.
477,청소년,남성,학업 및 진로,해당없음,분노,구역질 나는,아빠는 왜 내가 뭘 하고 싶은지 관심조차 없는 건지 화가 나.,아빠가 진로에 관심을 기울여 주지 않아 화가 나셨군요.,나는 선생님이 아니라 경찰관이 되고 싶은데.,어떻게 하면 아버지가 진로에 관심을 가질 수 있을까요?,아무래도 오늘 밤에 아빠랑 남자 대 남자로 얘기를 해 봐야겠어.,아버지와 대화로 잘 풀었으면 좋겠어요.
50378,노년,여성,"건강,죽음",만성질환 무,슬픔,후회되는,얼마 전 남편 건강이 악화되어서 너무 슬프고 걱정이야.,배우자 건강이 악화되어 걱정이시군요.,고작 옆에서 돌봐주는 것 밖에 할 수 없어서 안타까워.,이 상황을 어떻게 해결하면 좋을까요?,일단 남편과 함께 매일 짧은 시간이라도 같이 산책을 하며 기분을 전환해야겠어.,기분전환을 하고 잘 해결되었으면 좋겠어요.
682,노년,남성,대인관계,만성질환 유,상처,고립된,아내가 수술했는데 첫째는 외국에 있어서 못 오고 막내는 야근이라 못 온다네.,자제분들이 모두 바빠서 병문안을 오지 못하는데 기분이 어떠신가요?,다들 어쩔 수 없는 상황이긴 하지만 당연히 서운하지. ,혼자 계셔서 많이 서운하셨겠어요.,젊어서 일하느라 한참 바쁠 때니 이해해야지. 나라도 아내 옆에 있어 다행이야.,아내분을 든든하게 지켜주시는군요.
20219,청소년,남성,가족관계,해당없음,불안,당혹스러운,오늘 내 생일 이였는데 부모님이 내가 싫어하는 음식을 사 오셔서 당황했어.,부모님이 당신이 싫어하는 음식을 사 오셔서 당황하셨군요.,응. 내가 전에도 이 음식이 싫다고 말했었는데 이 음식을 사 오실 줄은 몰랐어.,어떻게 하면 당황스런 기분이 나아질 수 있을까요?,부모님께 지금 이 음식을 싫어한다고 확실하게 다시 말씀드리려고.,부모님과의 대화로 기분이 나아지길 바라요.
880,청년,여성,"연애,결혼,출산",해당없음,당황,부끄러운,부끄럽게 남편은 아이들이 있는 데서 뽀뽀를 하려고 해.,아이들 앞에서 남편과 뽀뽀하는 것이 부끄럽게 느껴지시는군요.,응. 애정 표현이 과한 것도 언제나 좋은 건 아닌 듯해.,남편분이 계속 아이들 앞에서 애정 표현을 시도하면 어떻게 하실 건가요?,가벼운 뽀뽀만 하고 말도록 해야지. 아이들한테도 스킨십에 대해 설명을 해 줘야겠어.,그렇다면 애들도 부모의 애정 표현에서 사랑하는 법을 배우겠네요.
1165,청소년,남성,학교폭력/따돌림,해당없음,당황,죄책감의,어제 친구가 브랜드 가방을 메고 다니는 게 부러워서 그 가방을 뺏었어.,친구의 물건을 빼앗은 것에 대해 죄책감을 느끼는 것 같군요.,죄책감을 느끼지만 친구에게 용서받지 못할까 봐 두려워.,용서를 받고 싶다면 어떻게 행동할 수 있을까요?,내일 친구에게 가방을 돌려주고 사과하면 용서받을 수 있을 거야.,솔직하게 사과하는 방법을 택했군요.
27475,중년,여성,"직장, 업무 스트레스",해당없음,상처,상처,아내가 수술을 앞두고 있어. 너무 불안하네.,아내가 수술을 앞두고 계시군요.,쉽지 않은 수술이라 마음이 안 좋아.,걱정되시겠어요. 어떻게 이 상황을 해결해야 할까요?,그 사람의 실력을 봐야지. 날 알아봐주는 회사를 찾아봐야겠어.,실력을 알아봐주는 회사를 만났으면 좋겠어요.
6195,청년,남성,대인관계,해당없음,기쁨,감사하는,드디어 내가 원하는 직무로 부서를 이동했어. 날 도와준 동료들 덕이야.,원하시는 부서에 가게 되셔서 기뻐 보이세요. 동료들에게도 매우 고마우시겠군요.,사람들이 없었다면 이런 결과는 얻어낼 수 없었을 거야. 정말 감사하게 생각해.,동료들이 힘을 많이 주셨나 보군요. 감사한 사람에게 어떻게 보답하시나요?,역시 선물이지. 그 사람에게 필요한 물건을 잘 알아봐 뒀다가 선물하면 다들 좋아하더라고.,주위 사람에 대한 관심과 센스를 바탕으로 선물을 준비해서 감사를 표시하시는군요!
9195,청년,여성,"연애,결혼,출산",해당없음,분노,짜증내는,결혼하면 서로 잘 챙겨줘야 하는 거 아니야?,결혼하면 서로 잘 챙겨줘야 한다고 생각하시는군요. 왜 그러세요?,남편이 자꾸 자기 할 일만 해서 짜증 나.,남편이 챙겨주지도 않고 자기 할 일만 해서 짜증 나시겠네요.,결혼은 꼭 해야 하는 걸까?,사람마다 다르죠. 왜 그런 생각이 들었나요?
36350,청소년,여성,학업 및 진로,해당없음,상처,"가난한, 불우한",우리 집은 어째서 이렇게 가난할까. 남들은 모두 다니는 학원도 한 번 못 가네.,가정 형편 때문에 걱정이 많으시군요.,응. 나도 학원에 다녀서 학점을 좀 높이고 싶은데 그러지 못해서 너무 맘상해.,많이 속상하실 듯 하네요.,,
2516,중년,남성,"재정,은퇴,노후준비",해당없음,불안,걱정스러운,앞으로의 은퇴 후 준비를 못 해서 내가 원망스러워.,걱정이 많으시겠어요. 은퇴 준비를 못 한 이유가 있을까요?,월급이 너무 적어서 저축할 형편이 안돼.,그런 이유가 있군요. 저축을 할 수 있는 방법이 있을까요?,이직이나 투잡을 하는 건 어떨까?,여러 가지 방법을 생각하고 계시는군요.
200,청년,남성,"진로,취업,직장",해당없음,기쁨,신뢰하는,부하직원이 있는데 너무 일도 잘하고 신뢰가 가.,신뢰할 수 있는 부하직원이 있군요.,일도 잘해서 너무 좋아.,직원을 좋아하는 마음이 느껴지네요.,,
30614,청소년,남성,학업 및 진로,해당없음,기쁨,감사하는,오늘 생활기록부를 봤는데 감동했어.,생활기록부를 보고 감동 받으셨군요. 특히 어떤 점이 감동적이었나요?,감사하게도 담임선생님이 나에 대해서 꼼꼼하게 적어 주셨더라고.,담임 선생님이 생활기록부에 자신에 대해 꼼꼼하게 적은 것을 보고 감사하시는군요.,,
32703,청년,여성,대인관계,해당없음,당황,혐오스러운,아르바이트하는데 진상 고객 때문에 힘이 빠져.,진상 고객 때문에 힘드셨겠군요. 기분을 달랠 방법이 있을까요?,음악 감상하는 거야.,음악 감상하는 것이 행복이군요.,,
10799,청년,여성,대인관계,해당없음,불안,혼란스러운,회사에 입사했는데 다른 사람들이랑 친하게 지내기가 어려워.,입사하고 난 후 어떤 문제가 있었나요?,모르는 사항이 있어서 물어봤는데 퉁명스럽게 대답하고 눈치를 주더라고.,모르는 사항이 있어서 물어봤는데 퉁명스럽게 대답하고 눈치를 주었군요. 혹시 이 문제에 대해 상담할 만한 곳이 있을까요?,,
3662,청년,남성,"진로,취업,직장",해당없음,불안,당혹스러운,원하는 대학의 학과에 진학했지만 취업에는 도움이 되지 않는 공부뿐이라 당혹스러워.,대학에서 취업에 도움이 안 되는 공부를 해서 당혹스러우시군요.,경기 불황에 코로나 일구의 영향으로 올해 실적도 저조한 데다가 사업계획 수립하려니 너무 힘들어. 기한 내에 마무리 지을 수 있을지도 모르겠고 말이야. 불안 불안해.,취업에 대해 걱정이 많으시군요. 어떻게 하면 이 문제를 해결해 나갈 수 있을까요?,,
20960,청소년,남성,학업 및 진로,해당없음,불안,두려운,남들이 내 진로를 들으면 비웃고 조롱하는 것만 같아.,타인에게 조롱을 당하는 기분을 느끼고 계시군요.,응. 다른 사람들이 내 진로를 듣고 표정이 썩 좋지 않더라고.,진로를 듣고 표정이 좋지 않았군요. 고민이 많으시겠어요.,응 자존감이 많이 낮아지고있어.,자존감이 낮아지고 있군요.
22272,청년,남성,"진로,취업,직장",해당없음,기쁨,만족스러운,이번 하반기 때 우리 부서가 만족스러운 결과를 거두어서 정말 기뻐.,부서가 만족스러운 결과를 거두어서 기쁘시겠어요.,내년에는 더 실적을 올릴 수 있도록 부서원들을 칭찬해주고 싶은데 방법을 고민 중이야.,어떻게 하면 부서원들의 사기를 돋울 수 있는 칭찬을 해 줄 수 있을까요?,곧 명절도 있으니 포상금으로 마음을 전할까 해.,가족들에게 먼저 사실대로 말하려고 하시는군요.
31851,중년,여성,"대인관계(부부, 자녀)",해당없음,기쁨,감사하는,남편이 결혼기념일 선물로 고마움을 담은 정성스러운 편지를 주어서 행복해.,남편의 사랑이 느껴져 정말 행복하시군요.,나이 들수록 남편이 잘해주니 정말 좋아.,표현을 잘하고 다정한 사람이랑 같이 살면 기분이 어떤가요?,나도 더 남편한테 잘하고 싶지.,나도 더 남편에게 잘하고 싶군요.
27039,중년,여성,"재정,은퇴,노후준비",해당없음,기쁨,느긋,남편이 나를 깨워서 일어나보니 밥이 차려져 있었어.,남편 분이 밥을 차리셨군요. 기쁘시겠어요.,어떻게 고마움을 표현해야 할지 고민이야.,어떻게 해야 상대에게 고마움을 잘 표현할 수 있을까요?,어깨를 주물러주면서 항상 고맙다고 말해야겠어.,고마움이 상대에게 잘 전달되길 바라요.
13481,청년,여성,"연애,결혼,출산",해당없음,상처,충격 받은,남자친구가 나에게 숨겨둔 애인이 있었다는 사실을 알게 되어서 너무 충격적이고 슬퍼.,남자친구가 숨겨둔 애인이 있었다는 사실에 충격을 받으신 것 같네요.,난 남자친구를 너무 믿었는데 한 순간에 배신을 당한 것 같아서 너무 슬프고 힘들어.,한 순간에 배신을 당한 것 같아 속상하시겠어요. 어떻게 하면 기분이 풀릴 수 있을까요?,그 사람을 잊고 새로운 사랑을 찾아야겠어.,새로운 사랑을 찾으셔서 행복해지시길 바랄게요.
36761,청소년,여성,가족관계,해당없음,슬픔,염세적인,부모님은 나한테 전혀 관심이 없는 것 같아. 내가 뭘 먹고 다니는지도 몰라.,부모님이 관심이 없는 것 같아 상심했겠어요.,인생은 기왕 혼자 와서 혼자 가는 거래. 얼른 자립해야지.,힘내세요. 훌륭하게 자립하시길 기원할게요.,,
8429,청년,남성,"연애,결혼,출산",해당없음,기쁨,자신하는,이 사람과는 결혼해도 괜찮을 것 같아.,어떤 점 때문에 확신이 드시나요?,현명한 여자야.,프러포즈 하실 계획이신가요?,분위기 있고 조용한 레스토랑을 예약했어. 저녁을 먹다 이야기를 꺼낼 거야.,바라시는 대로 잘 되었으면 좋겠어요.
34033,청년,남성,"진로,취업,직장",해당없음,당황,한심한,발표 자료가 끝이 안 보여. 내가 너무 한심해.,발표 자료를 다 만들지 못하셨군요. 더 자세히 알려주시겠어요?,내일이 발표인데 아직도 발표 자료를 완성하지 못했어. 집중력이 모자란가 봐.,이 상황을 극복하려면 어떻게 해야 할까요?,밖에서 산책하면서 머리를 식히고 와야겠어.,밖에서 산책하면 무엇이 좋아질까요?
32851,청년,여성,"연애,결혼,출산",해당없음,상처,희생된,결혼한 거 후회 중이야. 결혼 때문에 내 커리어는 희생된 거 같아.,결혼으로 희생된 기분을 느끼시는군요. 무슨 일인지 자세히 알려줄 수 있어요?,일을 계속하고 싶어서 아이는 갖지 않기로 했는데 아이를 갖자고 하는 거야. 시부모님도 아이를 강요하시고 결혼 괜히 한 거 같아.,결혼하고 나서 주변 사람들이 약속을 지키지 않아 난감하시군요.,,
3383,청년,남성,"진로,취업,직장",해당없음,불안,걱정스러운,올해 안에 직장에 들어갈 수 있을지 모르겠어.,취업에 대해서 조급한 마음이시군요.,공고문이 잘 안 올라오고 채용 기간이 길어서 너무 지쳐.,힘내세요. 지금 인내의 시간이 소중한 거름이 되길 바라요.,,
19827,청년,남성,"진로,취업,직장",해당없음,분노,악의적인,이번에 들어온 신입 중에 나를 무시하는 애가 있거든? 걔한테 일을 일부러 틀리게 알려줬어.,신입한테 무시당하다니 기분이 안 좋으시겠어요.,맞아. 매번 내려다보면서 나를 깔보는 눈빛이 너무 마음에 안 들어.,매번 내려다보면서 나를 깔보는 눈빛이 너무 마음에 안드는군요. 기분이 나아지기 위해서 무엇을 할 수 있을까요?,걔를 골탕 먹이려고 일을 잘못 알려줬어.,말씀하신 방법으로 기분이 좋아지셨으면 좋겠어요.
45636,청년,남성,대인관계,해당없음,슬픔,염세적인,딸이 엄마만 너무 좋아해서 너무 슬퍼. 그동안 내가 너무 안 놀아줬나 봐.,자녀가 아내만 좋아해서 속상하시겠어요.,일이 많아서 아이를 못 놀아준 것도 있지만 나름 노력했는데 조금 억울해.,지금 무엇을 할 수 있을까요?,내가 잠을 줄이고 딸아이와 좀 더 많이 놀아줘야 할 것 같아.,자신의 시간을 줄여 자녀분과 더 좋은 관계로 발전하셨으면 좋겠어요.
17547,청년,남성,대인관계,해당없음,당황,부끄러운,후배들 앞에서 직접 작성한 발표 자료에 맞춤법이 너무 많이 틀려서 부끄러웠어.,직접 작성한 건데 맞춤법이 너무 많이 틀려있어서 부끄러우셨군요.,중요한 발표 자료여서 후배들도 주의 깊게 보고 있었을 거야.,중요한 발표를 해야 하는 상황에서는 어떻게 하는 것이 좋을까요?,작성한 자료를 발표 전에 한 번 더 확인해야겠어.,한 번 더 확인하고 발표하길 바라요.
9562,노년,남성,재정,만성질환 무,분노,구역질 나는,옆집 자식들이 부모 재산 상속으로 형제끼리 싸우는데 아주 안 좋아.,재산 상속 문제로 형제까지 싸움이 있군요.,죽기 전에 재산을 잘 나눠 주고 가야지. 힘든 문제야.,재산을 공평하게 나누어 주실 생각이시군요.,,
3800,청년,남성,"연애,결혼,출산",해당없음,기쁨,신이 난,나한테 여자친구가 생겼어! 선물하고 싶은데 어떤 게 좋을까?,와 축하드려요! 여자친구가 무엇을 좋아하나요?,응. 여자친구가 좋아할 만한 걸 찾아봤는데 마음에 들어 할지 모르겠어.,여자친구가 좋아하길 바라요. ,,
1006,중년,남성,"대인관계(부부, 자녀)",해당없음,기쁨,감사하는,부녀지간에 사이가 좋아서 정말 감사해.,부녀간에 사이가 좋아 감사하다고 느끼시는군요.,이렇게 좋은 딸을 어찌 결혼시킬까 벌써부터 아쉽다니까.,좋은 짝을 만나 부모의 곁을 떠나는 게 아쉬우시군요.,사윗감은 꼭 내가 골라주고 싶어.,아버님 마음에 쏙 드는 사위면 좋겠군요.
17307,노년,남성,"건강,죽음",만성질환 유,상처,고립된,거실에서 일어나다가 기립성 저혈압으로 쓰러졌어. 근데 가족들 중 아무도 거실로 지나가지 않았어.,기립성 저혈압으로 쓰러지셨는데 가족들이 발견하지 못할까 봐 두려웠겠어요.,다음에도 내가 쓰러졌을 때 아무도 눈치 채지 못할까 봐 불안해.,다음에도 쓰러졌을 때 아무도 눈치 채지 못할까 봐 불안하시군요. 이 상황에서 할 수 있는 게 어떤 것이 있을까요?,우선 병원에 가서 검사를 받고 가족들과 이야기해서 도움을 받아야 할 것 같아.,검사도 받고 가족들과 상의해서 지금 상황을 잘 극복하시기를 바라요.
10021,청년,여성,대인관계,해당없음,당황,고립된,내가 평소에 같이 스터디하는 모임에서 안 좋은 일이 있었어.,그랬군요. 어떤 안 좋은 일인지 구체적으로 말씀해 주실 수 있나요?,갑자기 나를 둘러싸더니 그렇게 행동하지 말라는 거야. 거의 옛날 학창 시절에 왕따를 시키는 것과 같은 상황이었지. ,갑자기 그런 일을 당하시다니 당황스러우셨겠어요. ,응 맞아. 다음 주에도 그 사람들과 만나야 하는데 어떻게 해야 할지 감이 안 와.,그런 안 좋은 일을 만든 사람들과 다시 봐야 한다니 정말 고민이 많이 되겠어요.
20871,청년,남성,"진로,취업,직장",해당없음,분노,분노,우리나라 기업들은 학벌주의가 심해서 열이 받아.,학벌주의 때문에 화가 많이 나셨군요.,이 회사에 딱 맞는 사람이 나라고 생각하는데 학벌 때매 들어가기가 어려워.,학벌주의 때문에 힘들지만 다른 방법으로 입사할 수 있지 않을까요?,어떻게 하면 할 수 있을까?,학벌을 뛰어넘는 회사의 맞는 자신이 가장 잘하는 것을 이용하세요.
2531,청년,남성,대인관계,해당없음,불안,스트레스 받는,다른 사람들이 나를 보고 있는 것 같은 생각이 들어서 그런지 조금 스트레스를 받게 돼.,스트레스를 받으시는군요. 그렇게 생각하는 이유가 있나요?,어릴 때부터 튀는 외모라서 남의 시선을 많이 받아서 그런가 봐.,신경 쓰느라 불편하셨겠어요. 주변 사람에게 고민을 털어놓으신 적 있으신가요?,주변 사람들은 그런 고민 하지 말라고 해. 생각보다 사람들은 나한테 관심이 없대.,주위 사람들이 조언을 해주셨군요.
20590,노년,남성,대인관계,만성질환 무,분노,좌절한,옆집에 살던 절친한 친구가 어제 밤 운명했어.,절친한 친구가 돌아가셔서 마음이 많이 아프시겠어요.,친구가 갔다고 생각하면 살기가 싫어.,친구분의 죽음에 애도를 표해요. 떠나신 친구분을 위해 사용자님이 할 수 있는 것이 없을까요?,친구 얼굴이 많이 그리운데 무엇을 해야 할지 방법을 모르겠어.,떠나신 친구분을 위해 의미 있는 행동을 찾아보면 우울한 감정에 도움이 될 것 같아요.
45568,중년,여성,"직장, 업무 스트레스",해당없음,분노,짜증내는,요즘 일 때문에 스트레스가 너무 심해서 기분이 우울해.,업무 스트레스로 인해 기분이 우울하시군요.,내가 자꾸 실수해서 업무가 진행이 안 돼서 스트레스야. 나도 이런 내가 한심해.,이 문제를 해결하기 위해서 무엇을 할 수 있을까요?,좀 더 생각을 깊게 하고 판단하는 훈련을 해야 할 거 같아.,생각하는 훈련으로 문제가 해결되길 바라요.
34237,청년,남성,"진로,취업,직장",해당없음,당황,부끄러운,막내 직원이 나보다 더 좋은 아이디어를 내서 내가 조금은 부끄러워졌어.,막내 직원이 더 좋은 아이디어를 내서 부끄러우셨군요.,평소에 내가 막내를 구박 많이 했었거든.,이렇게 될 줄 모르고 평소에 구박을 많이 하셨군요.,큰 깨달음을 얻었어. 함부로 무시할 사람이 없다는 걸.,앞으로 막내 직원에게 어떻게 행동하는 게 좋을까요?
51053,청년,남성,"진로,취업,직장",해당없음,슬픔,비통한,이번 석사 논문에 대한 주제를 아직도 못 정했어. 스트레스받아.,논문 주제를 아직 정하지 못한 것 때문에 걱정이 크시겠어요.,어린 아들을 돌보느라 학업에 집중하지 못했어. 고단한 나의 삶이 너무 불행하게 느껴져.,이 상황에서 할 수 있는 것들에는 무엇이 있을까요?,육아와 학업을 모두 잘해나갈 수 있도록 노력해야지. 아내의 도움도 받아야겠어.,아내의 도움을 받고 노력하셔서 지금의 어려운 상황을 잘 극복하시면 좋겠어요.
34359,노년,여성,"건강,죽음",만성질환 유,기쁨,편안한,노인정에서 알게 된 사람들이 요통에 좋은 찜질 방법을 알려줘서 그대로 했더니 많이 편안해졌어.,통증이 나아져서 편해지셨다니 다행이에요.,찜질 방법을 알려준 사람에게 보답을 해주고 싶어.,보답할 수 있는 방법은 무엇이 있을까요?,나도 다른 좋은 정보를 알고 있는 걸 찾아서 알려주어야겠어.,보답할 수 있는 방법으로 사용자님의 좋은 정보를 알려주는 것 외에 또 무엇이 있을까요?
18811,노년,여성,재정,만성질환 무,분노,방어적인,우리 아들이 도박으로 빚을 져서 내가 오늘 적금 다 깨서 보냈어. 내 아들이지만 너무 힘들다.,아들 분이 도박으로 빚을 졌군요. 마음이 많이 힘들겠어요.,효도는 안 바란다고 해도 불효는 하지 말아야지. 내가 아들을 잘못 키웠나 싶어서 슬퍼.,내가 아들을 잘못 키웠나 싶어 슬프군요. 어떻게 하면 지금의 상황을 변화시킬 수 있을까요?,아들한테 이번까지만 도와주는 거고 다음엔 절대 도와주지 않는다고 얘기해야겠어.,진심을 전달하여 생각한대로 잘 해결이 되었으면 좋겠어요.
49151,청소년,남성,가족관계,해당없음,분노,분노,내가 공부를 못해서 친척들에게 부모님이 창피해하셔서 나 자신이 한심스러워.,성적이 잘 안 나와서 부모님 걱정에 고민이 많으시군요.,부모님을 기쁘게 해 드리기 위해 공부를 잘하고 싶어.,공부를 잘하기 위해서는 어떻게 해야 할까요?,학교에서 선생님 말씀 열심히 듣고 독서실에서 공부를 해야겠어.,열심히 공부하시면 성적이 오르시길 바라요.
43521,중년,남성,"직장, 업무 스트레스",해당없음,분노,성가신,이번에 맡은 프로젝트에서 좋은 성과를 내지 못했어. 내가 무가치한 사람처럼 느껴져.,좋은 성과를 내지 못해 스트레스를 받지 못하고 계시는군요.,다음 프로젝트에도 성과가 나쁘면 승진에 좋지 않은 영향을 미칠 거야.,그렇다면 지금 할 수 있는 것에는 무엇이 있을까요?,다음 프로젝트에서는 더 노력해서 꼭 좋은 성과를 낼 수 있도록 노력할래.,다음 프로젝트에서 좋은 성과를 낼 수 있길 빌게요.
25409,노년,여성,재정,만성질환 유,슬픔,슬픔,남편이 백혈병에 걸려서 세상을 떠났는데 가족력으로 딸도 백혈병 진단을 받았어.,따님이 백혈병 진단을 받으셔서 많이 슬프시겠어요.,딸도 세상을 떠난다면 나는 정말 삶의 의지를 상실하고 말거야.,정말 상실감이 크실 것 같아요. 이 상황을 잘 극복하기 위해 뭘 할 수 있을까요?,딸을 열심히 간병하며 병을 이겨낼 수 있도록 도와줘야겠어.,따님을 열심히 간병해서 딸의 건강이 나아지길 간절히 바랄게요.
5693,중년,여성,"대인관계(부부, 자녀)",해당없음,상처,억울한,큰아들과 이야기를 나누다가 서로 마음이 상했어. 너무 속상해.,큰아들과 다툼으로 속이 상하시는군요.,그런데 신랑이 내 잘못이 더 크다고 이야기해서 정말 억울해. 부모로서 조언도 못 하는 거야?,큰아들에게 조언한 것을 신랑이 잘못이라고 이야기해서 억울하시군요.,,
1228,청년,남성,대인관계,해당없음,당황,죄책감의,친구가 내가 소개해 줬던 애인에게 구타당했다고 들었어. 내 잘못 같아.,친구에게 미안한 마음에 괴로워하고 계시는군요.,내가 그 사람을 잘못 소개해 준 것 같아. ,친구에게 소개를 잘 못하셨군요. 사용자님이 친구를 위해 할 수 있는 행동이 있을까요?,내가 앞장서서 신고하고 이 일을 같이 해결해 줘야겠어.,친구와 함께 사건을 해결하려고 하시는군요.
31577,청소년,여성,학업 및 진로,해당없음,분노,성가신,학교에서 장래희망 적어오라는데 나는 하고싶은게 없어 다 귀찮아.,하고싶은 일이 없다면 재미있다고 느껴지는 일은 없나요?,난 친구들이랑 수다를 떨때가 제일 재미있어 대화하는 직업을 찾아봐야겠다.,대화하는 직업을 찾아보려고 하시는군요.,,
43009,중년,남성,건강,해당없음,당황,죄책감의,건강검진을 통해 후두암에 걸렸다는 걸 알게 됐어. 아내에게 어떻게 말하지?,건강검진으로 암에 걸렸다는 사실을 아셨군요. 부인께 말씀드릴 생각으로 힘드시겠어요.,그간 결혼 생활하느라 고생만 했는데 안 좋은 소식을 전하려니 죄책감이 들어.,어떻게 하면 상황이 좀 나아질까요?,담담한 마음으로 이야기하고 함께 해결책을 모색해봐야지.,두 분이 마음을 모아 상황을 극복하셨으면 좋겠어요.
29825,중년,남성,"대인관계(부부, 자녀)",해당없음,당황,외로운,나이가 들다보니 아내와 자녀와의 관계 너무 안좋아서 외로워.,아 그렇군요 지금 감정이 너무 외로우시군요. 어떻게 극복 하는게 좋을까요?,일단 나혼자 라도 기분좋게 여행이라도 떠나고 싶어.,아내와 자녀와의 관계가 안좋지만 외로운 마음에 일단은 먼저 기분좋게 혼자 여행을 다녀오려고 하시는군요.,,
43491,청소년,여성,학교폭력/따돌림,해당없음,당황,고립된,시험공부 때문에 친구들과 놀지 못해서 눈치가 보이고 친구들에게 미안해.,공부 때문에 놀지 못해서 친구들에게 눈치 보이고 미안함을 느끼시는군요.,이런 상황이 계속되어서 친구들에게 죄책감이 들고 벌 받는 것 같은 기분이 들어.,지금의 기분에서 벗어나기 위해 무언가 할 수 있는 것이 있을까요?,친구들에게 나의 상황을 설명하고 친구들의 이야기를 들어보고 싶어.,친구들과의 대화로 기분이 풀렸으면 좋겠어요.
32217,중년,여성,건강,해당없음,불안,두려운,이제 오십 대 접어드니까 아픈 곳이 생길까 봐 무서워.,건강 때문에 많이 걱정되시나 봐요.,응. 동창 중 한 명이 암으로 죽고 나서부터 더 그래.,친구분께서 어떤 암으로 돌아가셨나요?,갑자기 두통이 심하더니 알고보니 뇌종양이었어. 수술 경과가 괜찮은 줄 알았는데 한 순간에 가버렸어.,친구의 안좋은 소식으로 건강을 더 걱정하시는군요.
33395,노년,남성,대인관계,만성질환 무,분노,방어적인,코로나 때문에 대중 교통을 이용하기가 무척이나 꺼려지네.,감염병 전염이 우려되어 대중교통 사용이 꺼려지시는군요.,이젠 길을 가다가도 마주 오는 사람이 마스크를 안쓰고 있으면 피하게 되네.,길을 가다가도 마주 오는 사람이 마스크를 안쓰고 있으면 피하게 되시는군요.,,
22537,청년,여성,"진로,취업,직장",해당없음,기쁨,감사하는,내 취업을 위해서 뒷바라지 해주시는 부모님을 생각하면 항상 눈물이 나.,취업을 위해서 뒷바라지 해주시는 부모님을 생각하면 눈물이 나시는 군요.,나는 잘한 것도 없는데 항상 옆에서 나를 지켜주시는 게 너무 고마워.,어떤 방법이 가장 좋은 방법일까요?,일단 취업에 성공할거야. 성공해서 꼭 사랑하는 부모님께 효도할 거야.,그렇게 해서 감정의 변화가 일어나면 좋겠어요.
18380,중년,남성,"직장, 업무 스트레스",해당없음,기쁨,느긋,이직한 회사는 월 일회 모든 직원이 늦게 출근하고 일찍 퇴근하는 날이 있어서 좋아.,늦게 출근하고 일찍 퇴근하는 업무 환경에 기분이 좋으시군요.,적게 근무를 함에도 업무 효율이 높다는 게 신기해.,적게 일하시만 업무 효율이 높군요.,팀과 회사에 피해를 주지 않도록 나도 더욱 효율적으로 일을 해야겠어.,효율적인 업무 수행을 통해 상황이 더 좋아지길 바라요.
39313,노년,여성,"건강,죽음",만성질환 무,분노,노여워하는,늙으니까 정말 자녀 관계가 나빠져서 문제야.,가족들과 사이가 좋지 않아서 걱정이시겠어요.,노인이 되니까 걷기도 불편해서 일상생활 활동에 제한이 있는 것 같아.,고령이 되면 건강이 나빠져서 속상하시겠어요.,우리 아이들과 외출도 함께 하고 놀면 정말 좋겠는데.,어떻게 하면 가족들과 원만한 관계를 이룰 수 있을까요?
29314,중년,남성,"대인관계(부부, 자녀)",해당없음,기쁨,기쁨,오늘 늦둥이를 봤어.,자녀분을 늦은 나이에 출산하셨군요. 기분이 어떠신가요?,남들보다 늦은 나이에 자녀가 생겨서 너무 기뻐.,늦은 나이에 자녀를 낳아 기쁘다 느끼고 계시군요.,,
9314,중년,여성,"직장, 업무 스트레스",해당없음,슬픔,우울한,사람 상대하는 일은 너무 힘들어.,사람들을 대면하는 일을 하시는군요.,어. 별의별 사람들을 상대해서 민원 해결하다 보면 우울해져.,어떤 점들이 그런가요?,자기 뜻대로 안 되면 욕설 내뱉고 함부로 인신공격하거나 손찌검하는 사람들도 있어.,정말 힘드시겠네요.
47096,중년,남성,"재정,은퇴,노후준비",해당없음,슬픔,비통한,나는 불행해. 아직 책임져야 할 처자식이 있는데 벌써 이렇게 아파 버리다니.,생계를 책임지셔야 하는데 몸이 아프셔서 힘드시겠어요.,내가 아프면 우리 아이들은 누가 먹여 살리지? 상상만 해도 눈물이 나와.,아이들 생각에 눈물이 나시는군요. 어떻게 해야 지금의 어려움을 극복할 수 있을까요?,이제 술과 담배를 끊고 건강을 되찾아가야겠어. 내가 가장인데 무너질 수는 없어.,결심하신 대로 실천하셔서 지금의 슬픔을 극복하시길 바라요.
386,노년,여성,재정,만성질환 무,슬픔,실망한,남편이 수령한 퇴직금이 예상보다 적네.,남편의 퇴직금이 예상보다 적었군요. 기분은 어떠셨나요?,실망스러웠지. 일한 기간이 십오 년이 넘는데 이 정도밖에 안 나왔잖아.,일한 기간에 비해 퇴직금이 적어 실망스러우셨군요. 실망감을 어떻게 해소해야 좋을까요?,계산한 퇴직금이랑 금액이 다르다고 따져 봐야겠어.,금액이 다르다고 따져 보려고 하시는군요.
35698,청소년,여성,학업 및 진로,해당없음,당황,죄책감의,친구의 보고서를 몰래 베꼈어. 기한을 맞추려면 어쩔 수 없었지만 계속 마음이 편치 않아.,친구의 보고서를 배낀 행동에 죄책감을 느끼고 계시네요. ,많이 힘들지만 친구에게 정직하게 털어 놓는 게 좋겠지. 그리고 꼭 사과할 거야.,좋아요. 불편한 마음이 괜찮아지셨으면 좋겠어요.,,
43260,노년,남성,재정,만성질환 무,불안,걱정스러운,퇴직하고 우울한 마음이 사라지지 않아. 자식들 건사하느라 노후 준비도 제대로 못 하고.,그러시군요. 고민이 되겠어요.,수입이 있을 때 노후준비를 해야 했어. 후회돼.,노후준비가 덜 되셔서 힘드시군요. 어떻게 좋은 방법을 찾아볼 수 있을까요?,우울감은 상담도 받아보고 소일거리로 조금 벌이가 되는 거라도 찾아보고 해야 할 거 같아.,좋은 생각이시네요. 좋은 일자리도 찾으시고 상담도 잘 받으시길 바라요.
34540,청년,여성,"연애,결혼,출산",해당없음,상처,억울한,남자 친구가 자꾸 바람피우는 거 아니냐고 의심을 하는데 너무 억울해.,남자 친구의 의심으로 억울한 기분이군요.,내가 왜 그런 오해를 받는지 알 수가 없어서 더 억울한 느낌이야.,이럴 때 어떻게 하면 해결을 할 수 있을까요?,남자 친구에게 왜 그렇게 생각을 하게 되었는지 대화를 해봐야겠어.,남자 친구와 대화를 해보려 하시는군요. 남자 친구와의 대화를 통해 상황이 어떻게 바뀌었으면 하시나요?
39624,노년,남성,"건강,죽음",만성질환 유,당황,혼란스러운,친구의 누님이 돌아가셨어.,저런. 기분이 울적하시겠어요.,응. 이 나이에는 죽음도 익숙해질 법한데 아직도 어색하고 참 슬퍼.,죽음에 익숙하지 않으시군요.,항상 더 잘해줄 걸 아쉬움만 남아. 누구이든 상관없이.,항상 더 잘해줄걸 하는 아쉬운 마음을 가지고 계시는군요.
5223,청년,여성,"연애,결혼,출산",해당없음,불안,두려운,이제 출산일까지 한 달 정도 남았어. 고대하던 일이지만 조금씩 무서워지는 것 같아.,출산일이 머지않아 걱정이 되는군요. 이럴 때 이야기를 나눌 사람이 있을까요?,엄마와 얼마 전에 출산한 내 친구도 생각나. 한 번 연락해 봐야겠다.,어머니와 친구분과의 대화가 힘이 되셨으면 좋겠어요.,,
9857,중년,여성,"대인관계(부부, 자녀)",해당없음,불안,회의적인,남편 카드값 명세서를 봤는데 정말 충격이었어.,소비가 많으셨나요?,굳이 안 사도 될 것을 사고 술값도 자기가 다 내고 정말 나는 한 푼이라도 아끼려고 미장원 간 적이 언제인지?,혼자만 노력한 것 같은 기분이 들어 많이 속상하시겠어요.,가정 경제는 나 혼자 힘으로 되는 것도 아닌데. 부부가 합심해야 하는데. 정말 요즘 같아서는 우울증 생기겠어.,남편과 대화는 나눠 보셨나요?
4879,청년,여성,"연애,결혼,출산",해당없음,상처,희생된,남자친구랑 있는 게 너무 힘들어.,남자친구와의 관계에서 어려움이 있으신가 보네요. 좀 더 자세히 말씀해주실 수 있으세요?,남자친구랑 있으면 맨날 내가 다 맞춰주게 되는 것 같아. 전부 다.,남자친구분과 있다 보면 항상 일방적으로 희생하는 느낌이신가 보네요.,응. 정신 차려보니 이런 상태라 너무 후회돼.,이 상황을 변화시키기 위해 딱 하나를 한다면 무엇을 해보시겠어요?
5716,중년,여성,"재정,은퇴,노후준비",해당없음,기쁨,감사하는,신랑이 이제 그만 퇴직하고 집에서 편히 쉬라고 말했어. 정말 감사해.,신랑분이 편히 쉬라는 말에 감사한 느낌을 받으셨군요.,응. 그동안 고생했던 일을 인정받는 느낌이었어.,고생에 대한 인정을 받으셨다고 느끼셨군요.,응. 안정적인 생활을 할 수 있을 만큼 준비가 되었다는 이야기도 되니깐 든든하기도 해.,안정적인 준비도 되어 있다는 느낌에 든든함을 느끼셨군요.
14125,청소년,여성,가족관계,해당없음,분노,짜증내는,아니 내 물건인데 왜 함부로 버리는지 도대체가 모르겠어.,물건을 물어보지도 않고 버리셨나요? 많이 속상했겠어요.,너무 속상하고 짜증나. 물어보지도 않고 막 버려. 내건데 말이야.,누가 허락도 없이 나의 물건을 버렸을까요?,엄마가 내 물건이 너무 지저분하고 낡았다고 버렸다고 하는데 나한텐 다 너무 소중한 건데.,다음부터는 사전에 동의를 구하고 물건을 정리해달라고 하시는게 좋을 것 같네요.
26458,청년,여성,"연애,결혼,출산",해당없음,분노,분노,결혼 준비하면서 요즘 남자친구와 자주 싸워.,어떤 이유로 남자친구와 싸우는지 말해주실 수 있으세요?,결혼식 올리려면 준비해야 할 것이 많은데 도와주지 않아. 함께하는 결혼인데 가만히 있으니 화나서 계속 싸워.,혼자만 노력하는 것 같아 화가 나셨군요.,지금 이 사람과 결혼을 하는 게 맞는지 회의감이 들어.,남자친구와 결혼을 하는 게 맞는지 회의감이 드시는군요.
34478,중년,남성,"대인관계(부부, 자녀)",해당없음,슬픔,후회되는,생각해보면 아내를 행복하게 해주겠다는 약속을 거의 지키지 못한 거 같아.,아내분을 행복하게 해주겠다는 약속을 거의 지키지 못하셨군요.,요즘 문득 아내의 얼굴을 보고 있으면 인상이 많이 변한 것 같아서 이제 와 후회가 되네.,아내분이 인상이 많이 변하셨나 보네요. 앞으로 어떻게 하는 것이 이 상황에서 도움이 될까요?,아내에게 우선 미안했다고 사과를 하고 아내가 좋아하는 여행을 가서 마음을 좀 풀어주려고 해.,그것을 위해 지금 내가 할 수 있는 것은 무엇일까요?
46728,청소년,남성,학교폭력/따돌림,해당없음,당황,열등감,우리 반에서 나보다 성적 좋은 친구를 질투가 나서 내가 괴롭히고 따돌림을 시켰어.,성적이 좋은 친구가 질투 나서 괴롭히게 되었군요.,그냥 질투가 났을 뿐인데 친구들이랑 너무 괴롭힌 것 같아서 내 마음이 더 괴로워졌어.,친구를 너무 괴롭힌 것 같아서 마음이 힘들어졌군요. 어떻게 하면 그 마음이 좀 나아질까요?,그 친구한테 정말 미안하다고 편지라도 써서 내일 꼭 전해줘야겠어.,편지로 그 친구에게 진심이 전해지면 좋겠어요.
9354,중년,여성,"재정,은퇴,노후준비",해당없음,당황,외로운,난 노후에 내 곁에 아무도 없을까 봐 걱정돼.,외로울까 걱정되시는가 봐요.,그래. 그때쯤에는 할 일도 별로 없고 친구도 별로 없다면 얼마나 외로울까 미리 걱정되네.,그럼 외롭지 않은 노후를 위해 어떻게 하실 건가요?,글쎄 노후에도 할 수 있는 일을 찾아봐야지. 친구들과 친목도 다지고.,그것 좋은 생각 같아요. 노후에도 할 수 있는 일과 친구가 있다면 외롭지 않으실 거예요.
4208,중년,여성,"대인관계(부부, 자녀)",해당없음,기쁨,감사하는,우리 가족이 이렇게 다 건강한 것도 정말 감사해야 해.,맞아요. 건강이 최고죠.,정말 아픈 사람 있는 친구네는 매일 걱정이더라. 앞으로 열심히 운동하려고.,그럼요. 혹시 어떤 운동 하고 계신가요?,힘든 운동보다는 팔다리 다 흔들고 하는 걷기가 최고래,작은 것에도 감사하는 마음이 보기 좋네요. 가족 모두 건강 잘 유지하세요.
33754,청소년,남성,학교폭력/따돌림,해당없음,당황,외로운,내가 다리를 다쳤다고 친구들이 날 그냥 버리고 운동장으로 가서 외로웠어.,친구들이 다친 나를 챙겨주지 않아서 외로운 기분이었군요.,절뚝거리면서 운동장에 혼자서 갔어. 그래서 체육 시간이 시작된지 한참 후에 합류했어.,그런 상황이 또 닥친다면 우선 어떻게 하는 것이 좋을까요?,친구들에게 날 좀 챙겨달라고 부탁을 해봐야겠어.,직접적으로 부탁을 하려고 하시는군요. 또 다른 방법은 없을까요?
