file_name,모욕,욕설,외설,폭력위협/범죄조장,성혐오,연령,인종/지역,장애,종교,정치성향,직업,1단계Y/N,2-1단계Y/N,2-2단계Y/N,문장,대상하이라이트,정치성향Y/N,혐오 클래스,특정 집단,그 외,인종/지역Y/N,성혐오Y/N,연령Y/N,장애Y/N,종교Y/N,직업Y/N
C154269.json,1,0,0,2,0,0,0,0,0,2,0,Y,Y,Y,여기는 ''대깨'''들한테 점령당했네 전 장군이 진작에 싸그리 쓸어버렸어야했는데..덜 ''맞았'''어...쯧쯧..,여기는 ''대깨'''들한테 점령당했네 전 장군이 진작에 싸그리 쓸어버렸어야했는데..덜 맞았어...쯧쯧..,Y,Y,N,N,,,,,,
C161971.json,0,2,0,0,0,0,0,0,0,0,0,Y,Y,Y,"왕을 모욕하고 욕하는''놈,'''#@이름#.#@이름#,나#@이름#.#@이름#,#@이름#.#@이름#.#@이름#,#@이름#,#@이름#.특히 심한''놈'''은 ''전사탄'''.깡그리 ''청소'''해야할'' 쓰레기'''들
","왕을 모욕하고 욕하는놈,''#@이름#.#@이름#,나#@이름#.#@이름#,#@이름#.#@이름#.#@이름#,#@이름#,#@이름#'''.특히 심한놈은 ''전사탄'''.깡그리 청소해야할 쓰레기들
",,N,Y,N,,,,,,
C048608.json,1,1,0,0,0,0,0,0,0,2,0,Y,Y,Y,불평등한 사회~~나라가 ''개판'''~~''문가'''''놈'''때문이다~~!!,불평등한 사회~~나라가 개판~~''문가놈'''때문이다~~!!,Y,Y,N,N,,,,,,
C155962.json,1,0,0,0,0,0,0,0,0,1,0,Y,N,Y,민노총 대규모 집회 후 식당으로 술집으로 몰려다니다 전국으로 흩어져 전국 동시 다발적으로 코로나 폭발. 코로나 대규모 확산은 ''민노총'''과 ''청와대''' 합작품. 책임자는 ''#@이름#''' 패거리들,민노총 대규모 집회 후 식당으로 술집으로 몰려다니다 전국으로 흩어져  전국 동시 다발적으로 코로나 폭발. 코로나 대규모 확산은 민노총과 청와대  합작품. 책임자는 #@이름# 패거리들,Y,Y,N,N,N,N,N,N,N,N
C184142.json,1,0,0,0,0,0,0,0,0,0,0,Y,Y,Y,윤사모? 노사모.박사모.이제는 윤사모???무슨 사이비 교주같다...그나저나 또 #@이름#과 관련되어있는 단체네,윤사모? 노사모.박사모.이제는 윤사모???무슨 사이비 교주같다...그나저나 또 #@이름#과 관련되어있는 단체네,,N,N,Y,,,,,,
C155519.json,2,0,0,0,0,0,0,0,0,0,0,Y,Y,Y,5세훈 ''뇌'''가 없네,''5세훈''' 뇌가 없네,,N,N,Y,,,,,,
C167969.json,1,0,0,0,0,0,0,0,0,1,1,Y,Y,Y,#@이름#님이 제일 대통령으로 적합합니다.판검사 출신이시니 지금의 경찰 ''꼬라지''' 얼마나 부정부패 정권의 사냥개인지 잘 아시겠죠인품도 황대표님이 제일 바르십니다!,#@이름#님이 제일 대통령으로 적합합니다.판검사 출신이시니 지금의 ''경찰''' 꼬라지 얼마나 부정부패 ''정권'''의 사냥개인지 잘 아시겠죠인품도 황대표님이 제일 바르십니다!,Y,Y,N,N,,,,,,Y
C163103.json,2,0,0,0,0,0,0,0,0,0,0,Y,Y,Y,질병천 ''똥'''''멍청이'''들. 월급은 왜 받나??,''질병천''' 똥멍청이들. 월급은 왜 받나??,,N,N,Y,,,,,,
C129067.json,2,1,0,0,0,0,0,0,0,2,0,Y,N,Y,"좁쌀 3홉도 안되는 인간아!5년내내 자화자찬에,편가르기말고는 할줄아는게 뭐고?일본에 죽창들고 싸우자고 하더니 웬 정상회담 신청?정말로 쪽팔린다!코로나 터널끝이 보인다고? ''꼴'''좋다~#@이름#이 하는일에 제발 숟가락 얹지마라,되는일도 안된다,!","좁쌀  3홉도 안되는 인간아!5년내내 자화자찬에,편가르기말고는 할줄아는게  뭐고?일본에 죽창들고 싸우자고 하더니 웬 정상회담 신청?정말로 쪽팔린다!코로나 터널끝이 보인다고?  꼴좋다~#@이름#이  하는일에 제발 숟가락 얹지마라,되는일도 안된다,!",Y,Y,N,N,N,N,N,N,N,N
C112541.json,2,0,0,3,0,0,0,0,0,3,0,Y,Y,Y,''더붛어만지기당'''은 저나라에선 바로 모두 ''토막나'''겠네.  #@이름# #@이름# #@이름# 산산조각 ''몸 토막난'''거 보고싶ㅌ다,''더붛어만지기당'''은 저나라에선 바로 모두 토막나겠네.  ''#@이름#''' ''#@이름#''' ''#@이름#''' 산산조각 몸 토막난거 보고싶ㅌ다,Y,Y,N,Y,,,,,,
C068544.json,2,0,0,0,0,0,0,0,0,0,0,Y,Y,Y,뭐지 ? 민노총 ''불법''' 코로나 집회 중여,뭐지 ? ''민노총''' 불법 코로나 집회 중여,,N,Y,N,,,,,,
C099960.json,2,1,0,0,0,0,2,0,0,0,0,Y,Y,Y,"
#@이름#이 아름다운 중국어라고 우기는 중국''개'''들 ㅋㅋㅋㅋ 기가찬다 ㅋㅋㅋㅋ","
#@이름#이 아름다운 중국어라고 우기는 ''중국개'''들 ㅋㅋㅋㅋ 기가찬다 ㅋㅋㅋㅋ",,Y,N,N,Y,,,,,
C104608.json,1,0,0,0,0,0,1,0,0,0,0,Y,Y,Y,시궁창도 일본''왜구'''보다 낫겠다... 더러운 섬나라 ''왜구'''들...,시궁창도 일본''왜구'''보다 낫겠다... 더러운 섬나라 ''왜구'''들...,,Y,N,N,Y,,,,,
C040478.json,2,0,0,0,0,0,0,0,0,0,0,Y,Y,Y,그 ''애비'''의 그 자식이 맞구나~지 입으로 뭔 ''헛소릴''' 하는지도 모를거야,그 ''애비'''의 그 ''자식'''이 맞구나~지 입으로 뭔 헛소릴 하는지도 모를거야,,N,N,Y,,,,,,
C050069.json,2,0,0,0,0,0,0,0,0,0,1,Y,Y,Y,"
민노총 완전히 ''박살'''내야 대한민국 국민이 잘산다","
''민노총''' 완전히 박살내야 대한민국 국민이 잘산다",,Y,N,N,,,,,,Y
C176443.json,1,1,0,0,0,0,0,0,0,2,0,Y,Y,Y,"수학여행 가던 여객선이 침몰해도 대통령 탓하던 ''대가리''' 깨진 것들아 문씨가 국군통수권자라서 ''대똥령''' 비난한 군인은 상관 모욕죄로 처벌하면서 함정에 승선한 대한민국 최정예 군인들 80%넘게 코로나19 감염 된 상황에서도 문가 책임이 1도 없냐?
","''수학여행 가던 여객선이 침몰해도 대통령 탓하던 대가리 깨진 것'''들아 ''문씨'''가 국군통수권자라서 ''대똥령''' 비난한 군인은 상관 모욕죄로 처벌하면서 함정에 승선한 대한민국 최정예 군인들 80%넘게 코로나19 감염 된 상황에서도 ''문가''' 책임이 1도 없냐?
",Y,Y,Y,N,,,,,,
C000376.json,1,1,0,0,0,0,0,0,0,1,0,Y,Y,Y,대통령이 사과 못하겠으면 본보기로 장관이라도 짤라라. 뭔 사고를 쳐도 책임지는 ''놈'''이 없어.,''대통령'''이 사과 못하겠으면 본보기로 ''장관'''이라도 짤라라. 뭔 사고를 쳐도 책임지는 놈이 없어.,Y,Y,N,N,,,,,,
C004374.json,1,0,0,0,0,1,0,0,0,0,0,Y,Y,Y,어이..#@이름# ''아재'''.. 내 어렸을 적 시간을 부정하게 하지 말아줘..,어이..''#@이름#''' ''아재'''.. 내 어렸을 적 시간을 부정하게 하지 말아줘..,,Y,N,Y,,,Y,,,
C132944.json,1,0,0,0,0,0,0,0,0,2,0,Y,N,Y,하도 거짓말로 국민을 속이고 사길쳐서 ...이젠 ''문가놈''' 정권에서 하는 말은 콩으로 메주를 쑨대도 믿을 수가 없다...또 언제 어떻게 딴소리 할지 몰라서....뒷통수 친게 한두번 이어야지..빨리 정권 바뀌기만 기다리고 있다,하도 거짓말로 국민을 속이고 사길쳐서 ...이젠 문가놈 정권에서 하는 말은 콩으로 메주를 쑨대도 믿을 수가 없다...또 언제 어떻게 딴소리 할지 몰라서....뒷통수 친게 한두번 이어야지..빨리 정권 바뀌기만 기다리고 있다,Y,Y,N,N,N,N,N,N,N,N
C143012.json,1,0,0,0,0,0,0,0,0,1,0,Y,Y,N,요즘 좌파 언론 커뮤니티에서 다들 합의한듯 #@이름# 내놓네 ㅋㅋㅋㅋㅋ,요즘 ''좌파 언론 커뮤니티'''에서 다들 합의한듯 #@이름# 내놓네 ㅋㅋㅋㅋㅋ,Y,Y,N,N,,,,,,
C135862.json,1,0,0,0,0,0,0,0,0,0,2,Y,Y,N,조선미디어의 늙은이들 쇄뇌 방법.TV조선에서 아침부터 트로트 가수들 불러다 틀어댄다 - 짬짬히 뉴스랍시고 듣보잡 교수들 데려다가 일베 방송한다 - 사리분별 안되는 늙은이들 쇄뇌된다- 좀비처럼 변해 #@이름# 사면하라 외친다.,''조선미디어'''의 늙은이들 쇄뇌 방법.''TV조선'''에서 아침부터 트로트 가수들 불러다 틀어댄다 - 짬짬히 뉴스랍시고 듣보잡 교수들 데려다가 일베 방송한다 - 사리분별 안되는 늙은이들 쇄뇌된다- 좀비처럼 변해 #@이름# 사면하라 외친다.,,Y,N,N,,,,,,Y
C006167.json,2,0,0,0,0,0,0,0,0,0,0,Y,Y,Y,올림픽 변이를 학수고대 하는 코로나 ''살인마''' #@이름# ㅋ,올림픽 변이를 학수고대 하는 코로나 살인마 ''#@이름#''' ㅋ,,N,N,Y,,,,,,
C162136.json,1,0,0,0,0,0,0,0,0,1,0,Y,Y,Y,부적격자들이 본색을 드러내는군~ㅠ #@이름#이 #@이름#에게 욕설한 것도 사실이고 #@이름#이 #@이름# 찬양한 것도 사실인데 사실을 공개하는 것이 네거티브~? ''달통'''과 ''더불어범죄당''' 인간들의 말바꾸기와 변명은 당연지사라는 의미~? 아전인수격으로 여기면서 내로남불만 외치는 인간들이 대선 후보~? 범법자들의 선출직 출마 자체를 금지하는 법을 제정해라~ 범죄자를 국민들의 대표로 내세우는 나라가 나라냐~?,부적격자들이 본색을 드러내는군~ㅠ #@이름#이 #@이름#에게 욕설한 것도 사실이고 #@이름#이 #@이름# 찬양한 것도 사실인데 사실을 공개하는 것이 네거티브~? ''달통'''과 ''더불어범죄당 인간'''들의 말바꾸기와 변명은 당연지사라는 의미~? 아전인수격으로 여기면서 내로남불만 외치는 인간들이 대선 후보~? 범법자들의 선출직 출마 자체를 금지하는 법을 제정해라~ 범죄자를 국민들의 대표로 내세우는 나라가 나라냐~?,Y,Y,N,N,,,,,,
C047525.json,2,0,0,0,0,0,0,0,0,0,0,Y,Y,Y,#@이름# 같이 ''사리사욕'''에 ''눈먼''' 자가 문정권에서 중요한 직책을 담당하고 있었다니 ''문정권'''의 ''수준'''을 알수 있는 ''기 막힌''' 일이다.,''#@이름#''' 같이 사리사욕에 눈먼 자가 ''문정권'''에서 중요한 직책을 담당하고 있었다니 ''문정권'''의 수준을 알수 있는 기 막힌 일이다.,,N,N,Y,,,,,,
C098633.json,1,1,0,0,0,0,1,0,0,0,0,Y,Y,Y,그 ''??'''''자식'''은 ''??'''같은 왜국으로 쫒아버려라!,그 ??자식은 ??같은 ''왜국'''으로 쫒아버려라!,,Y,N,N,Y,,,,,
C036189.json,1,0,0,0,0,0,0,0,0,0,0,Y,Y,Y,자영업자 뒤통수 씨게 ''때린''' 민노총.,자영업자 뒤통수 씨게 때린 ''민노총'''.,,N,N,Y,,,,,,
C176333.json,2,0,0,0,0,0,0,1,0,2,0,Y,Y,Y,대한민국 전 법무부장관 클라스 애#@이름# ''정신병''' 좌파 ''광신도''' ''대깨''',''대한민국 전 법무부장관''' 클라스 애''#@이름#''' 정신병 ''좌파''' 광신도 ''대깨''',Y,Y,N,N,,,,Y,,
C187250.json,2,1,0,0,0,0,0,0,0,0,0,Y,Y,Y,ㅋㅋㅋ 되돌린다고하면 #@이름# #@이름# 비리하던 시대처럼 해''처먹'''겠다는 건가...,ㅋㅋㅋ 되돌린다고하면 ''#@이름#''' ''#@이름#''' 비리하던 시대처럼 해처먹겠다는 건가...,,N,N,Y,,,,,,
C183675.json,1,0,0,0,0,0,0,0,0,0,0,Y,Y,Y,이사람 민주당 맟나 창피하다 입에서 나오는 막말을 넘었다,이사람 민주당 맟나 창피하다 입에서 나오는 막말을 넘었다,,N,N,Y,,,,,,
C071990.json,1,0,0,0,0,0,0,0,0,0,0,Y,Y,Y,국힘이 잘해서가 아니라 #@이름#가 ''한심해'''서 못봐주는거임,국힘이 잘해서가 아니라 ''#@이름#'''가 한심해서 못봐주는거임,,N,N,Y,,,,,,
C160000.json,1,0,0,0,0,0,0,0,0,1,0,Y,Y,N,국재적으로 조롱꺼리를 만드는 문정부의 양심은 무얼 급박하게 덮어야되기에 손으로 하늘을 가리듯 어설픈짓을하나,"국재적으로 조롱꺼리를 만드는 ''문정부'''의 양심은 무얼 급박하게 덮어야되기에 손으로 하늘을 가리듯 어설픈짓을하나
",Y,Y,N,N,,,,,,
C169623.json,2,0,0,0,0,0,0,0,0,0,0,Y,Y,Y,#@이름#이는 #@이름# 업그레이드 버전 나라 ''망치'''는데 아우토반급이다,''#@이름#'''이는 ''#@이름#''' 업그레이드 버전 나라 망치는데 아우토반급이다,,N,N,Y,,,,,,
C040918.json,1,0,0,0,0,0,0,0,0,2,0,Y,Y,Y,이제 선별적 방역까지 하네. 정권 유지에 얼마나 자신이 없었으면... 짠하다 ''문떨거지'''들.,이제 선별적 방역까지 하네. 정권 유지에 얼마나 자신이 없었으면... 짠하다 ''문떨거지'''들.,Y,Y,N,N,,,,,,
C089180.json,1,1,0,0,0,1,0,0,0,0,0,Y,Y,Y,왜 저래 ''미친'''''영감탱이''' 민주당 입당하던지,왜 저래 미친''영감탱이''' 민주당 입당하던지,,Y,N,N,,,Y,,,
C037848.json,1,0,0,0,0,0,0,0,0,1,2,Y,Y,Y,유흥주점이 확산시켰나요? 마녀사냥으로 ''책임전가'''하기로 밖에 안보이네요 백신확보 ''실패''' 거리두기 정책 ''자화자찬''' 하다가 변이 바이러스 확산한걸 유흥주점 홀덤펍땜에확산한것처럼 뉴스기사쓴 ''기래기'''나 정부나 ....하루빨리 대선치뤄서 ''정권심판'''만이 답이네,유흥주점이 확산시켰나요? 마녀사냥으로 책임전가하기로 밖에 안보이네요 백신확보 실패 거리두기 정책 자화자찬 하다가 변이 바이러스 확산한걸 유흥주점 홀덤펍땜에확산한것처럼 뉴스기사쓴 ''기래기'''나 ''정부'''나 ....하루빨리 대선치뤄서 정권심판만이 답이네,Y,Y,Y,N,,,,,,Y
C070489.json,2,0,0,0,0,0,0,0,0,0,0,Y,Y,Y,와 ''돌겠'''다 아무리 ''더러'''운인간이라도 포기한삶을살자는건지 이인간은 왜 대한민국에사는이유좀 물어보라,와 돌겠다 아무리 더러운인간이라도 포기한삶을살자는건지 이''인간'''은 왜 대한민국에사는이유좀 물어보라,,N,N,Y,,,,,,
C144055.json,1,0,0,0,0,0,0,0,0,0,0,Y,Y,Y,"내가 다른건 다 이해하는데 페미니즘은 이해를 못하겠네 그냥 사회적으로 ''도태'''된 불쌍한 인생이면 혼자 ''ㅈㅎ''',''ㅈㅅ'''이나해라","내가 다른건 다 이해하는데 페미니즘은 이해를 못하겠네 그냥 사회적으로 도태된 불쌍한 인생이면 혼자 ㅈㅎ,ㅈㅅ이나해라",,N,Y,Y,,,,,,
C027578.json,1,0,0,0,0,0,1,0,0,0,0,Y,N,N,ㅡㅡ...흑인이?..인종차별?..흑인?..미국에 살더니..백인인줄 착각했나봄...,ㅡㅡ...흑인이?..인종차별?..흑인?..미국에 살더니..백인인줄 착각했나봄...,N,Y,N,N,Y,N,N,N,N,N
C190366.json,2,0,0,0,0,0,0,0,0,1,0,Y,Y,Y,"최저임금을 지역별, 업종별 차등한다고?  웃기네 .  어느 지역의 어느 업종이 최저임금기준 상위니? 그럼 하위는? 역시 #@이름# 후보는 극우 ''쓰레기'''야","최저임금을 지역별, 업종별 차등한다고?  웃기네 .  어느 지역의 어느 업종이 최저임금기준 상위니? 그럼 하위는? 역시 ''#@이름#''' 후보는 ''극우 '''쓰레기야",Y,Y,N,Y,,,,,,
C039154.json,1,0,0,0,0,0,0,0,0,0,0,Y,Y,Y,코로나는 과학이다..''저머리'''야..,''코로나'''는 과학이다..저머리야..,,N,Y,N,,,,,,
C048453.json,1,0,0,0,0,0,0,0,0,2,0,Y,Y,Y,"
''문주당'''지지율이 높은 40대는 화이자??그래서 부지런히 ''문주당''' 찍어달라고?","
''문주당'''지지율이 높은 40대는 화이자??그래서 부지런히 ''문주당''' 찍어달라고?",Y,Y,N,N,,,,,,
C178054.json,2,0,0,0,0,0,0,0,0,2,0,Y,Y,Y,에휴 태극기할배들 때문에 내년에 민주당 대선 이길수도 있겠네.... 그렇게 #@이름# 싫어하고 #@이름# 좋아하는 분들이#@이름#은 ''베신자''' 탄핵 수사한 #@이름#은 영웅????''대깨문'''이랑 태극기부대 동급임이 틀림없네또 내말에 논리적으로 반박은 못하고 눈물의 비공이나 하겠지 ㅋㅋㅋㅋ,에휴 ''태극기할배'''들 때문에 내년에 민주당 대선 이길수도 있겠네.... 그렇게 #@이름# 싫어하고 #@이름# 좋아하는 분들이#@이름#은 베신자 탄핵 수사한 #@이름#은 영웅????''대깨문'''이랑 ''태극기부대''' 동급임이 틀림없네또 내말에 논리적으로 반박은 못하고 눈물의 비공이나 하겠지 ㅋㅋㅋㅋ,Y,Y,N,N,,,,,,
C096691.json,1,0,0,0,0,0,2,0,0,0,0,Y,Y,Y,''쪽바리'''들이 지네들이 선진국 인줄 아나 보네 착칵하지 말고 살거라 인간들이 기본이 되는 생각을 가지고 좀뉘우치고 살거라,''쪽바리'''들이 지네들이 선진국 인줄 아나 보네 착칵하지 말고 살거라 인간들이 기본이 되는 생각을 가지고 좀뉘우치고 살거라,,Y,N,N,Y,,,,,
C077982.json,1,1,0,0,0,0,0,0,0,0,0,Y,Y,Y,''조옷국'''이 아니라 #@이름#을위해 차라리 목이라도걸면 인생 구질구질하지나않을텐데 ㅉㅉㅉ,''조옷국'''이 아니라 #@이름#을위해 차라리 목이라도걸면 인생 구질구질하지나않을텐데 ㅉㅉㅉ,,N,N,Y,,,,,,
C062655.json,2,1,0,0,0,0,0,0,0,0,2,Y,Y,Y,조선일보 #@이름#은 기사에 이름이 없네? #@이름#이도 없고... 혹시 동아일보 ''기레기'''는 관련없냐? 추잡한 일엔 꼭 연관이 있을것 같은 느낌은 나만이 아니겠지? ㅋ,조선일보 ''#@이름#'''은 기사에 이름이 없네? #@이름#이도 없고... 혹시 동아일보 ''기레기'''는 관련없냐? 추잡한 일엔 꼭 연관이 있을것 같은 느낌은 나만이 아니겠지? ㅋ,,Y,N,Y,,,,,,Y
C160229.json,1,0,0,0,0,0,0,0,1,1,0,Y,Y,Y,길들이기 부리기 위해 내돈도 아닌데 아끼 필요있나? 이들 ''사이비''' 진보 ''패거리'''들의 즐거운 세상.,길들이기 부리기 위해 내돈도 아닌데 아끼 필요있나? 이들 사이비 ''진보''' 패거리들의 즐거운 세상.,Y,Y,N,N,,,,,Y,
C114988.json,1,0,0,0,0,0,0,0,0,0,2,Y,Y,Y,선수들모두 최선을다했는데 기사제목이 굴욕적이라니 ㅡㅡ ''기레기''' ''기레기''' 소리듣는이유가있네,선수들모두 최선을다했는데 기사제목이 굴욕적이라니 ㅡㅡ ''기레기''' ''기레기''' 소리듣는이유가있네,,Y,N,N,,,,,,Y
C153900.json,1,0,0,0,0,0,0,0,0,0,0,Y,Y,Y,부정청탁금집법  시행전 일이라고  ''우기겠네'''도리도리 질 하면서...암튼 신비 스런 집안이야..''까면 깔수록''' 새로운 뉴스 꺼리가 끊이질 않네..#@이름#의 과거가 더 궁금 해지네  #@이름#는 뭐라고 할까 궁금해진다,부정청탁금집법  시행전 일이라고  우기겠네 도리도리 질 하면서...암튼 신비 스런 집안이야..까면 깔수록 새로운 뉴스 꺼리가 끊이질 않네..''#@이름#'''의 과거가 더 궁금 해지네  ''#@이름#'''는 뭐라고 할까 궁금해진다,,N,N,Y,,,,,,
C011720.json,1,0,0,0,0,0,0,1,0,0,0,Y,Y,Y,해설가 눈이''사시'''인듯하노 저정도면 눈큰거아니노?,''해설가''' 눈이사시인듯하노 저정도면 눈큰거아니노?,,Y,N,N,,,,Y,,
C170104.json,2,1,0,0,0,0,0,0,0,0,0,Y,Y,Y,''살인마'''들 가만두면 니들은 ''살인마'''와 공범이다 이 ''?? '''''자식'''들아,''살인마'''들 가만두면 니들은 살인마와 공범이다 이 ?? 자식들아,,N,Y,N,,,,,,
C087074.json,1,0,0,0,0,0,0,0,0,0,0,Y,Y,Y,100퍼센트는 아니지만 #@이름#씨보다는 #@이름#씨가 ''거짓말''' 하고 있는 것 같은데..,100퍼센트는 아니지만 #@이름#씨보다는 ''#@이름#'''씨가 거짓말 하고 있는 것 같은데..,,N,N,Y,,,,,,
C029938.json,2,0,0,0,0,0,0,0,0,0,0,Y,Y,Y,''삶은''' #@이름#리 닮았군,삶은 ''#@이름#'''리 닮았군,,N,N,Y,,,,,,
C086917.json,1,0,0,0,0,0,0,0,0,1,0,Y,Y,Y,"#@이름# 내려오고 비대위체제로 가야한다저게 무슨 당대표냐 ''야권분열'''하는 당대표 필요없다
","''#@이름#''' 내려오고 비대위체제로 가야한다저게 무슨 당대표냐 야권분열하는 ''당대표''' 필요없다
",Y,Y,N,N,,,,,,
C145440.json,2,1,0,0,0,0,0,0,0,0,0,Y,Y,Y,말귀를 안들어''쳐먹'''는 민노총이랑 서울시장을탓해 총리나 질병청장까지나와서 하지말라고 했는데 시장이란 사람은 모습1도안보이네,말귀를 안들어쳐먹는 ''민노총'''이랑 ''서울시장'''을탓해 총리나 질병청장까지나와서 하지말라고 했는데 ''시장'''이란 사람은 모습1도안보이네,,N,N,Y,,,,,,
C119107.json,0,1,0,0,0,0,0,0,0,0,0,Y,Y,Y,''양아'''치네~~ 지네 나라 돈벌게 해주는데 돈 내놓으라고 협박하네,양아치네~~ 지네 나라 돈벌게 해주는데 돈 내놓으라고 협박하네,,N,N,Y,,,,,,
C095937.json,2,0,0,0,0,0,2,0,0,0,0,Y,Y,Y,''원숭이'''들이 ''광견병'''''걸렸'''나보네,''원숭이'''들이 광견병걸렸나보네,,Y,N,N,Y,,,,,
C185370.json,2,2,0,0,0,0,0,0,0,2,0,Y,Y,Y,최고의 방역은 #@이름# 재수 없는 ''주둥이''' 꿰메버리는게 최선의 방역이다. ''아가리'''만 털면 확진자가 폭증한다.,최고의 방역은 ''#@이름#''' 재수 없는 주둥이 꿰메버리는게 최선의 방역이다. 아가리만 털면 확진자가 폭증한다.,Y,Y,N,N,,,,,,
C150798.json,2,0,0,0,0,0,1,0,0,0,0,Y,Y,Y,"척추도 못세우는 아기를 띠를 하다니, 담배는 둘째고, 저 여자는 육아의 기본도 모르는 ''저질'''인간이다.담배는 처음이라고 믿어둔다쳐도 저짓을 할정도면 그전에 아동학대는 반드시 있었고, 그것이 잘못인지 전혀 모르는 인간이다. 중국교포는 절대 쓰지말라고 했다. 가사도우미든, 육아도우미","척추도 못세우는 아기를 띠를 하다니, 담배는 둘째고, 저 ''여자'''는 육아의 기본도 모르는 저질인간이다.담배는 처음이라고 믿어둔다쳐도 저짓을 할정도면 그전에 아동학대는 반드시 있었고, 그것이 잘못인지 전혀 모르는 인간이다. ''중국교포'''는 절대 쓰지말라고 했다. 가사도우미든, 육아도우미",,Y,N,Y,Y,,,,,
C192945.json,1,0,0,0,0,0,0,0,0,0,0,Y,Y,Y,''꼴뵈기 싫은''' 인간. ''극비호감''',꼴뵈기 싫은 인간. 극비호감,,N,N,Y,,,,,,
C001393.json,1,0,0,0,0,0,0,0,0,0,0,Y,Y,Y,바이러스도 생명체라 숙주를 죽이면 살아남을 수 없으므로 사망율은 낮아지는게 과학적인 팩트이나 우리나라 언론은 또 ''거짓선동'''하고 있다,바이러스도 생명체라 숙주를 죽이면 살아남을 수 없으므로 사망율은 낮아지는게 과학적인 팩트이나 우리나라 ''언론'''은 또 거짓선동하고 있다,,N,Y,N,,,,,,
C169014.json,1,0,0,0,0,0,0,0,0,2,0,Y,Y,Y,#@이름#정권 과 좌파민주당의 잔인한 정치보복은 나라망친 문정권에 ''부역자'''들모두 배로 보보글 해야할것이다,''#@이름#정권''' 과 ''좌파민주당'''의 잔인한 정치보복은 나라망친 ''문정권'''에 ''부역자'''들모두 배로 보보글 해야할것이다,Y,Y,N,N,,,,,,
C130707.json,0,1,0,0,0,0,0,0,0,0,0,Y,Y,Y,250만원 현금지급 했다는데 랜트카는 카드결재고 선불이다. 천하가 다 아는 사실이다. 지금세상에 현금 쓰는 ''놈'''들은 다 뒤가 구린 ''놈'''들이다. 뇌물이란거다.,250만원 현금지급 했다는데 랜트카는 카드결재고 선불이다. 천하가 다 아는 사실이다. 지금세상에 ''현금 쓰는 놈'''들은 다 뒤가 구린 놈들이다. 뇌물이란거다.,,N,Y,N,,,,,,
C078984.json,2,0,0,0,0,0,0,0,0,2,0,Y,Y,Y,#@이름#아 쨉만 날리지 말고 ''미세스 추'''하고 큰거 하나 부탁한다. #@이름#가 너 안짜르는 이유 너도 잘알잖아. 큰거로 하나 가자.,''#@이름#'''아 쨉만 날리지 말고 ''미세스 추'''하고 큰거 하나 부탁한다. ''#@이름#'''가 너 안짜르는 이유 너도 잘알잖아. 큰거로 하나 가자.,Y,Y,N,Y,,,,,,
C165106.json,1,0,0,0,1,1,0,0,0,0,0,Y,N,N,참!!!!  단순한 아줌마지   전업주부인사람도  당신보단  낫겠다,참!!!!  단순한 아줌마지   전업주부인사람도  당신보단  낫겠다,N,Y,N,N,N,Y,Y,N,N,N
C088182.json,1,0,0,0,0,0,0,0,0,2,0,Y,Y,Y,#@이름#이 토론 하기 삻다고 패싱한건 팩트잖아요? 비판도 할 줄 알아야 올바른 지지자 아닙니까? ''대깨문'''이랑 뭐가 다르죠?,''#@이름#'''이 토론 하기 삻다고 패싱한건 팩트잖아요? 비판도 할 줄 알아야 올바른 지지자 아닙니까? ''대깨문'''이랑 뭐가 다르죠?,Y,Y,N,N,,,,,,
C158952.json,1,0,0,0,0,0,0,0,0,1,0,Y,Y,Y,야이 ''무능한''' 정부 사람들아 너내들이눈과귀를 막는거냐 아님 뭐냐 알고도 그렇는건지 모르고 그렇는건지 진짜 답답들하네 공항부터 철저히 막고 시작해애 되는데 그리고 너내들이 자랑하는 방역도 어차피 실패작 아니냐?진짜 어휴~~~,야이 무능한 ''정부''' 사람들아 너내들이눈과귀를 막는거냐 아님 뭐냐 알고도 그렇는건지 모르고 그렇는건지 진짜 답답들하네 공항부터 철저히 막고 시작해애 되는데 그리고 너내들이 자랑하는 방역도 어차피 실패작 아니냐?진짜 어휴~~~,Y,Y,N,N,,,,,,
C127922.json,2,0,0,0,0,0,0,0,0,0,0,Y,Y,Y,''반깡패'''들 노동자들 ''선동해'''서 기업상대로 ''돈뜯'''는일,''반깡패'''들 노동자들 선동해서 기업상대로 돈뜯는일,,N,Y,N,,,,,,
C105974.json,0,1,0,0,0,0,0,0,0,0,0,Y,Y,Y,쌩쑈하고 ''자빠'''졌네 국민을 호구로 아나? 절반을 어디로 빼돌린거냐? 주사파장관은 알고있을려나?,쌩쑈하고 자빠졌네 국민을 호구로 아나? 절반을 어디로 빼돌린거냐? 주사파장관은 알고있을려나?,,N,N,Y,,,,,,
C069619.json,2,0,0,0,0,0,0,0,0,0,0,Y,Y,Y,#@이름#은 ''쓰레기'''이고 내편무죄 네편유죄 사고방식을 가진 ''정신 이상자'''입니다. 이런 자가 서울대 교수라니 서울대는 교수 인성 테스트 제대로 하고 뽑으세요. 대한민국 최고 대학의 수치입니다. 하긴 연세대도 #@이름# 같은 ''정신나간''' 교수가 설쳐대고 있지.,''#@이름#'''은 쓰레기이고 내편무죄 네편유죄 사고방식을 가진 정신 이상자입니다. 이런 자가 ''서울대 교수'''라니 서울대는 교수 인성 테스트 제대로 하고 뽑으세요. 대한민국 최고 대학의 수치입니다. 하긴 연세대도 ''#@이름#''' 같은 정신나간 교수가 설쳐대고 있지.,,N,N,Y,,,,,,
C168734.json,2,0,0,0,0,0,2,0,0,2,0,Y,Y,Y,''북괴'''의 ''하수인''' 노릇하는 ''좌빨'''정권!  국민의 안전은 안중에도 없나?,''북괴'''의 하수인 노릇하는 ''좌빨'''''정권'''!  국민의 안전은 안중에도 없나?,Y,Y,N,N,Y,,,,,
C001399.json,2,0,0,0,0,0,2,0,0,0,0,Y,Y,Y,코로나백신 ''구걸국''' #@이름#국,코로나백신 구걸국 ''#@이름#국''',,Y,N,N,Y,,,,,
C076132.json,2,0,0,0,0,0,0,0,0,0,0,Y,Y,Y,하긴 지난번 #@이름#보도 피디에게 #@이름#이 전화해서 무마해달라고 얘기하는거보고 참 ''저질'''이라고 생각했는데....대통령후보라니...,하긴 지난번 #@이름#보도 피디에게 ''#@이름#'''이 전화해서 무마해달라고 얘기하는거보고 참 저질이라고 생각했는데....대통령후보라니...,,N,N,Y,,,,,,
C134911.json,2,0,0,0,0,2,0,0,0,0,0,Y,Y,Y,에혀..나두 중국의 이런 판결을 부러워 하지만 이걸 #@이름#으로 연결 하는 ''틀딱'''들은 정말 못배워서 그런거냐?아님 알면서도 일부러 그러는거냐? #@이름#이 입법.사법 다 한다구 생각하는겨? ㅎ,"에혀..나두 중국의 이런 판결을 부러워 하지만 이걸 #@이름#으로 연결 하는 ''틀딱'''들은 정말 못배워서 그런거냐?아님 알면서도 일부러 그러는거냐? #@이름#이 입법.사법 다 한다구 생각하는겨? ㅎ
",,Y,N,N,,,Y,,,
C035393.json,2,0,0,0,0,0,0,0,0,0,2,Y,Y,Y,''감방''' 공무원들께서도 권력에 ''굽신대'''는데 무슨 제대로 된 교정활동이 이뤄지겠나.,감방 ''공무원'''들께서도 권력에 굽신대는데 무슨 제대로 된 교정활동이 이뤄지겠나.,,Y,N,N,,,,,,Y
C043511.json,2,0,0,0,0,0,0,0,0,0,0,Y,Y,Y,"재력도 없는 ''사기꾼'''이 이렇게 정계와 언론을 ''농락'''하고 있으니, 사회가 정의로울 수 있는가 말이다. 다 자기들 돈 들여 속고 뒤로 물품 받고 뭣들 하시는 건지…","재력도 없는 사기꾼이 이렇게 정계와 언론을 농락하고 있으니, 사회가 정의로울 수 있는가 말이다. 다 자기들 돈 들여 속고 뒤로 물품 받고 뭣들 하시는 건지…",,N,N,Y,,,,,,
C081926.json,2,0,0,0,0,0,0,0,0,0,0,Y,Y,Y,#@이름#은  ''무식'''한정도가  아니고  그냥   ''쓰레기'''.''쓰레기'''  눈에는''쓰레기'''만  보일뿐.,''#@이름#'''은  무식한정도가  아니고  그냥   쓰레기.쓰레기  눈에는쓰레기만  보일뿐.,,N,N,Y,,,,,,
C112380.json,1,2,0,0,0,0,2,0,0,0,0,Y,Y,Y,돈 ''쳐 먹'''은 ''깜둥이''' ''새끼'''가 행여나 조사하게했갰다..''물백신'''도 승인한 OOO들,돈 쳐 먹은 ''깜둥이''' 새끼가 행여나 조사하게했갰다..물백신도 승인한 OOO들,,Y,N,N,Y,,,,,
C138757.json,1,0,0,0,0,0,0,0,0,1,0,Y,Y,Y,''대깨'''들 뭐해? 가서 막어 ㅋㅋㅋ,''대깨'''들 뭐해? 가서 막어 ㅋㅋㅋ,Y,Y,N,N,,,,,,
C196560.json,2,0,0,0,0,0,0,1,0,0,1,Y,Y,Y,연예인 ''장애'''로 바꿔라,''연예인''' 장애로 바꿔라,,Y,N,N,,,,Y,,Y
C083935.json,1,0,0,0,0,0,0,0,0,0,0,Y,Y,Y,"#@이름#의  속마음..?  지지하는  후보가  없다.  왜..?  퇴임뒤  안전을  보장할  사람도 마땅하지  않지만,  가장 커다란  이유는  그 자리에서  내려오기가  싫기 때문이다.","''#@이름#'''의  속마음..?  지지하는  후보가  없다.  왜..?  퇴임뒤  안전을  보장할  사람도 마땅하지  않지만,  가장 커다란  이유는  그 자리에서  내려오기가  싫기 때문이다.",,N,N,Y,,,,,,
C083014.json,2,2,0,0,0,0,0,0,0,0,0,Y,Y,Y,이여자 ''미친'''여자 아냐? 더운데 왜 자꾸 ''나대'''니 관심없다고,이''여자''' 미친여자 아냐? 더운데 왜 자꾸 나대니 관심없다고,,N,N,Y,,,,,,
C133716.json,1,0,0,0,0,0,1,0,0,1,0,Y,Y,Y,미군은 일제에 대한 점령군이지 한국민에 대해서는 당근 해방군이지 점령군 어쩌는 자들은 일제''친일파''' 사고 방식이다,미군은 일제에 대한 점령군이지 한국민에 대해서는 당근 해방군이지 ''점령군 어쩌는 자'''들은 일제친일파 사고 방식이다,Y,Y,N,N,Y,,,,,
C010669.json,1,0,0,0,1,0,0,0,0,0,0,Y,Y,Y,#@링크# 빼박 증거 나왔네요. '웅앵웅 오조오억'은 자신들 입으로 우린 남혐주의자이자 여성주의자라고 하는 ''메갈'''들의 10계명 중 3번입니다. 들통나니까 지금 운동권들 더 이상 기사화하지 말라고 하고 있음ㅋㅋㅋ,#@링크# 빼박 증거 나왔네요. '웅앵웅 오조오억'은 자신들 입으로 우린 남혐주의자이자 여성주의자라고 하는 ''메갈'''들의 10계명 중 3번입니다. 들통나니까 지금 운동권들 더 이상 기사화하지 말라고 하고 있음ㅋㅋㅋ,,Y,N,N,,Y,,,,
C142912.json,1,1,0,0,0,0,0,0,0,0,0,Y,Y,Y,이 ''곰'''만도 못한''놈'''들..ㅠㅠ,이 ''곰만도 못한놈'''들..ㅠㅠ,,N,Y,N,,,,,,
C172319.json,1,2,0,2,0,0,0,0,0,0,1,Y,Y,Y,대통령 끝나고 길에서 만나면 어떻게든 ''아구창''' ''날릴'''거다. 저 ''개xxxx''',''대통령''' 끝나고 길에서 만나면 어떻게든 아구창 날릴거다. 저 개xxxx,,Y,N,N,,,,,,Y
C198108.json,2,0,2,0,0,0,0,0,0,0,0,Y,Y,Y,전교*등이대단한거냐 *등부터*등은 머 세상다가진거냐 호들갑 졸떨어 ''그지'''''딴따라'''들 돈맛 ''여자'''''맛''' ''남자'''''맛'''만아는 족속들,전교*등이대단한거냐 *등부터*등은 머 세상다가진거냐 호들갑 졸떨어 그지딴따라들 돈맛 여자맛 남자맛만아는 ''족속'''들,,N,N,Y,,,,,,
C118444.json,1,0,0,0,0,0,1,0,0,0,0,Y,Y,N,아프간은 지들 스스로 지킬생각도 안하고 의지만하다가 도망가기에 바쁜 애들이엇고. 대만은 스스로 싸우는 애들이고,''아프간'''은 지들 스스로 지킬생각도 안하고 의지만하다가 도망가기에 바쁜 애들이엇고. 대만은 스스로 싸우는 애들이고,,Y,N,N,Y,,,,,
C173482.json,1,2,0,0,0,0,0,0,0,0,0,Y,Y,Y,''미친'''나라.정상이 없는나라.웃음도 안나오네~,미친''나라'''.정상이 없는''나라'''.웃음도 안나오네~,,N,N,Y,,,,,,
C136200.json,2,0,0,0,0,0,0,0,0,0,1,Y,Y,Y,검찰 ''썩어서 도려내야 하'''는..그럼에도 본인이 상워 0.1% 기득권인줄 착각하는 하위 1%정신차리세요,''검찰''' 썩어서 도려내야 하는..그럼에도 본인이 상워 0.1% 기득권인줄 착각하는 하위 1%정신차리세요,,Y,N,N,,,,,,Y
C075556.json,1,0,0,0,0,0,0,0,0,0,1,Y,Y,Y,''군바리'''접종하느니 북한에상납하는겄이 우선이다...#@이름#.,''군바리'''접종하느니 북한에상납하는겄이 우선이다...''#@이름#'''.,,Y,N,Y,,,,,,Y
C111200.json,1,0,0,0,0,0,1,0,0,0,0,Y,Y,Y,''욕심내'''고 ''흠집내'''고 암튼 하는 거 보면 ''막무가내'''야왜!!코로나는 진짜 지들껀데 암말없는지ㅠ너무 ''싫'''은 나라 중국,욕심내고 흠집내고 암튼 하는 거 보면 막무가내야왜!!코로나는 진짜 지들껀데 암말없는지ㅠ너무 싫은 나라 ''중국''',,Y,N,N,Y,,,,,
C123638.json,2,2,0,0,0,0,1,0,0,0,0,Y,Y,Y,망해야 되는게 정답이군.이런 나라는 세계가 다 달라들어 도와줘도 적들을 몬이긴다,망해야 되는게 정답이군.이런 ''나라'''는 세계가 다 달라들어 도와줘도 적들을 몬이긴다,,Y,N,N,Y,,,,,
C037985.json,1,0,0,0,0,0,0,0,1,0,0,Y,Y,N,목사님이 목사님 하셨네,''목사님'''이 ''목사님''' 하셨네,,Y,N,N,,,,,Y,
C048849.json,0,0,0,1,0,0,0,0,0,0,0,Y,Y,Y,"칼들고 협박만 했다 찌른건 아니니까 이해 \해줘\
","칼들고 협박만 했다 찌른건 아니니까 이해 \해줘\
",,N,N,Y,,,,,,
C182224.json,1,1,0,0,0,0,0,0,0,0,2,Y,Y,Y,아~역시 ''기래기''' 언론들의 술수였네..한국 언론 꼭 개혁해야한다..국민들은 또 역시 ''쓰래기''' 선론들에 당했다.나도 이상하다 했다.,아~역시 ''기래기''' 언론들의 술수였네..한국 언론 꼭 개혁해야한다..국민들은 또 역시 쓰래기 선론들에 당했다.나도 이상하다 했다.,,Y,N,N,,,,,,Y
C182304.json,1,0,0,0,0,0,0,0,0,0,0,Y,Y,Y,에…?? 걸려서 뜨끔한건가 ㅋㅋㅋ ''토착왜구''' 맞잖아 ㅋㅋㅋ,에…?? 걸려서 뜨끔한건가 ㅋㅋㅋ ''토착왜구''' 맞잖아 ㅋㅋㅋ,,N,Y,N,,,,,,
C163768.json,1,0,0,0,0,0,0,0,0,0,0,Y,Y,Y,콩밥먹고 정신챙겨라 ''범법자'''가 할말은 아니구만,콩밥먹고 정신챙겨라 ''범법자'''가 할말은 아니구만,,N,N,Y,,,,,,
C120629.json,2,1,0,0,0,0,0,0,0,0,0,Y,Y,Y,댓글보니까 #@이름# 안뽑았다고 원망많은데정신차려라 그''놈'''이 그''놈'''이지 국내프로야구수준을 보고도 그런말이 나오냐 어떤''놈'''이 국대되도 지금수준으로는 한계라구 말로만 하지말고 프로야구 관심끊고 팬들부터 정신차리자구,댓글보니까 #@이름# 안뽑았다고 원망많은데정신차려라 그놈이 그놈이지 ''국내프로야구'''수준을 보고도 그런말이 나오냐 어떤놈이 국대되도 지금수준으로는 한계라구 말로만 하지말고 프로야구 관심끊고 팬들부터 정신차리자구,,N,N,Y,,,,,,
C073656.json,2,0,0,0,0,0,0,0,0,0,0,Y,Y,Y,"#@이름# 댓글''조작''' 드루킹 실시간 ''범죄''' 활동 현황 보세요. 이''것'''들 검찰 고발하면 드루킹 나옴 #@이름# 댓글''조작''' 드루킹들 실시간 트위터, 여론''조작''' 아이디 수집 해놓으셈 ##@이름#
","''#@이름#''' 댓글조작 드루킹 실시간 범죄 활동 현황 보세요. 이것들 검찰 고발하면 드루킹 나옴 ''#@이름#''' 댓글조작 드루킹들 실시간 트위터, 여론조작 아이디 수집 해놓으셈 ''##@이름#'''
",,N,N,Y,,,,,,
C146585.json,2,0,0,1,0,0,0,0,0,0,0,Y,N,N,"악의 무리들이다.  단체명의 앞에다  민주를  붙이고, 속으로는 잡것들의 이익을  위해 온갖 거짓과 어거지로 청부질을  한다. 하루빨리 발본색원해서 없애야할 집단이다.","악의 무리들이다.  단체명의 앞에다  민주를  붙이고, 속으로는 잡것들의 이익을  위해 온갖 거짓과 어거지로 청부질을  한다. 하루빨리 발본색원해서 없애야할 집단이다.",N,N,N,N,N,N,N,N,N,N
C116148.json,1,1,0,0,0,0,1,0,0,0,0,Y,Y,Y,참 ''개'''웃기는 ''최악''' 올림픽! ''일본''' 답다 지들 선수들은 고급 호텔에 다른 나라 선수들 한테 이게 할 일이야?,참 개웃기는 최악 올림픽! ''일본''' 답다 지들 선수들은 고급 호텔에 다른 나라 선수들 한테 이게 할 일이야?,,Y,N,N,Y,,,,,
C175799.json,1,0,0,0,0,0,0,1,0,0,0,Y,N,Y,미국 맥도널드가 너처럼 ''실성한''' 줄 아냐? ''치매'''냐? ''돈'''거냐?,미국 맥도널드가 너처럼 실성한 줄 아냐? 치매냐? 돈거냐?,N,Y,N,Y,N,N,N,Y,N,N
C165361.json,1,2,0,0,0,0,0,0,0,1,0,Y,Y,Y,''미친'''정부 ~''정치방역''' ~ 끝나고 감당 어찌할려고 그러나~,''미친정부''' ~정치방역 ~ 끝나고 감당 어찌할려고 그러나~,Y,Y,N,N,,,,,,
C136678.json,1,3,0,0,0,0,0,0,0,0,0,Y,Y,Y,ㅋㅋㅋ 프레임씌우네 ㅋㅋㅋ지들끼리 해먹으려고 ''모가지치'''는얘들이 어쩜 자기정권정조준했던얘들이야 ㅋㅋㅋ 똥묻은놈이 겨묻은''개패'''는 형국이네 ㅋㅋㅋ 진짜 우릴중국속국으로차릴갑네 ㅋㅋㅋ,ㅋㅋㅋ 프레임씌우네 ㅋㅋㅋ''지들끼리 해먹으려고 모가지치는얘'''들이 어쩜 ''자기정권정조준했던얘'''들이야 ㅋㅋㅋ 똥묻은놈이 겨묻은개패는 형국이네 ㅋㅋㅋ 진짜 우릴중국속국으로차릴갑네 ㅋㅋㅋ,,N,Y,N,,,,,,
C127285.json,0,2,0,0,0,0,0,0,0,0,0,Y,Y,Y,8세기에 만들어진 그것도 자기들이 존경하는 선지자의 근거로하는 법도 아닌 #@이름#를 ''빨아재끼'''는 ''멍청한''' 족속들,8세기에 만들어진 그것도 자기들이 존경하는 선지자의 근거로하는 법도 아닌 ''#@이름#'''를 빨아재끼는 ''멍청한 족속'''들,,N,Y,N,,,,,,
C104413.json,1,0,0,0,0,0,0,0,0,2,0,Y,Y,Y,"민주주의 운운 하지 말고 ㅋㅋ나는 ''빨갱이'''고, ''간첩'''이다라고 소리 쥘러~~!!''말세'''야 ''말세'''","민주주의 운운 하지 말고 ㅋㅋ나는 ''빨갱이'''고, ''간첩'''이다라고 소리 쥘러~~!!말세야 말세",Y,Y,Y,N,,,,,,
C095582.json,1,0,0,0,0,0,0,0,0,1,0,Y,N,N,"패륜과 불륜, 쌍욕의 대권후보  성추행범도  내편이면 성대하게 추모했던 더불어 민주당의  도덕성을 규탄하며 당해체를 촉구한다.","패륜과 불륜, 쌍욕의 대권후보  성추행범도  내편이면 성대하게 추모했던 더불어 민주당의  도덕성을 규탄하며 당해체를 촉구한다.",Y,N,N,N,N,N,N,N,N,N
C033970.json,2,1,0,0,0,0,2,0,0,0,0,Y,Y,Y,''장깨'''들의 조작술과 거짓말...  스스로 자인하는 ''꼴'''...,''장깨'''들의 조작술과 거짓말...  스스로 자인하는 꼴...,,Y,N,N,Y,,,,,
C185502.json,1,2,0,0,0,0,0,0,0,2,0,Y,Y,Y,헐 윤 ''멧돼지'''''시키''' 후쿠시마 원전 방사능 오염먹은 생선 싸게 사서 대한민국 국민들 먹일''놈'''이네저는 #@이름#랑 비싼 참치 먹으면서ㅉㅉㅉ,헐 ''윤 멧돼지'''시키 후쿠시마 원전 방사능 오염먹은 생선 싸게 사서 대한민국 국민들 먹일놈이네저는 #@이름#랑 비싼 참치 먹으면서ㅉㅉㅉ,Y,Y,N,N,,,,,,
C178596.json,1,1,0,0,0,0,0,0,0,1,0,Y,Y,Y,그''넘'''에 그''넘'''들.#@이름#..죄파''넘'''들 한마디에  사죽못쓴다.,그넘에 그넘들.#@이름#..''죄파'''넘들 한마디에  사죽못쓴다.,Y,Y,N,N,,,,,,
C163463.json,2,0,0,0,0,0,1,0,0,1,0,Y,Y,Y,"이것들은 ''특권의식'''이 아주 ''골수'''에 ''박혀있'''다니까 그래서 ''좌파'''가 안되는거야 ''북한'''처럼 아주 말도안되는 ''계급사회'''를 만들어서 세상이 지네들것인양 하는 ''더러운''' ''것'''들
","이것들은 특권의식이 아주 골수에 박혀있다니까 그래서 ''좌파'''가 안되는거야 북한처럼 아주 말도안되는 계급사회를 만들어서 세상이 지네들것인양 하는 더러운 것들
",Y,Y,N,N,Y,,,,,
C188713.json,2,1,0,0,0,0,0,0,0,1,0,Y,Y,Y,''개'''욕하고 ''전과자'''가 대통령?나라 ''꼴'''이.,개욕하고 ''전과자'''가 ''대통령'''?나라 꼴이.,Y,Y,N,N,,,,,,
C177740.json,2,1,0,0,0,0,0,0,0,0,0,Y,Y,Y,무슨 문화유적이냐 보전하게?정말 ''미처돌아가'''는구나 ㆍ세월호 ''빨'''아 정권잡은''놈'''들이라 다르긴하네,무슨 문화유적이냐 보전하게?정말 미처돌아가는구나 ㆍ''세월호 빨아 정권잡은놈'''들이라 다르긴하네,,N,Y,N,,,,,,
C120463.json,1,0,0,0,0,0,1,0,0,0,0,Y,Y,Y,여러곳에 나쁜짓많이 했으니 적도많이 생기지 탈레반 응원은 안하지만 최대한으로 중국''깨'''줄길,여러곳에 나쁜짓많이 했으니 적도많이 생기지 탈레반 응원은 안하지만 최대한으로 ''중국'''깨줄길,,Y,N,N,Y,,,,,
C150735.json,2,0,0,1,0,0,0,0,0,0,0,Y,Y,Y,조씨부부가 딸을 지킬려고 ''별별꼬라지'''라고? 사실 져기참석하고 안하고가 중요한게 아닌데! 그거가지고 어떻게 해볼려고! 서울대 출신중 최고의 ''적폐'''! ''매장'''이 필요한 인간!,''조씨부부'''가 딸을 지킬려고 별별꼬라지라고? 사실 져기참석하고 안하고가 중요한게 아닌데! 그거가지고 어떻게 해볼려고! 서울대 출신중 최고의 적폐! 매장이 필요한 인간!,,N,N,Y,,,,,,
C138236.json,2,2,0,0,0,0,1,0,0,3,2,Y,Y,Y,"보수 집회 원천차단 하고 민노총 ''십세 리'''들은 눈치보며 모이게 해놓고 다 끝나고 단호한 조치? ''개 까'''고 있네 ''한걸레''' ''기레기'''들 니들도 기사 쓰며 부끄럽지? 어릴때 전라도 출신 우리 할아버지 아버지 #@이름# 욕하고 조선일보 욕하고 그 영향 받아 나도 진보 편이라 우쭐댔는데 #@이름#으로 이제 니들은 대한민국에서 끝
",보수 집회 원천차단 하고 ''민노총''' 십세 리들은 눈치보며 모이게 해놓고 다 끝나고 단호한 조치? 개 까고 있네 ''한걸레''' ''기레기'''들 니들도 기사 쓰며 부끄럽지? 어릴때 ''전라도''' 출신 우리 할아버지 아버지 ''#@이름#''' 욕하고 ''조선일보''' 욕하고 그 영향 받아 나도 진보 편이라 우쭐댔는데 #@이름#으로 이제 니들은 대한민국에서 끝,Y,Y,N,N,Y,,,,,Y
C137017.json,2,1,0,0,0,0,0,0,0,0,2,Y,Y,Y,일개 ''검새'''주제에 감히 법무부장관에게 항명을~~~ 동아줄로 생각했던 #@이름#을 믿고서 고개 빳빳이 들이대는건가유 ? ''존'''나 겁''대가리''' 상실했네유,일개 ''검새'''주제에 감히 법무부장관에게 항명을~~~ 동아줄로 생각했던 #@이름#을 믿고서 고개 빳빳이 들이대는건가유 ? 존나 겁대가리 상실했네유,,Y,N,N,,,,,,Y
C069474.json,1,0,0,0,0,0,0,0,0,2,0,Y,Y,Y,''국민의짐'''에서 땅투기는 자랑거린데 왜 사퇴하냐~ 절대 사퇴하지 마라~^^,''국민의짐'''에서 땅투기는 자랑거린데 왜 사퇴하냐~ 절대 사퇴하지 마라~^^,Y,Y,N,N,,,,,,
C099592.json,1,0,0,0,0,0,1,0,0,0,0,Y,Y,Y,중국은 ''갈갈이''' ''찢'''어진다,''중국'''은 갈갈이 찢어진다,,Y,N,N,Y,,,,,
C172534.json,1,0,0,0,0,0,0,0,0,0,0,Y,Y,Y,하나부터 열까지 지 편만 챙기는 #@이름#은 꼭 ''죄 값'''을 ''받'''아야 한다.,하나부터 열까지 지 편만 챙기는 ''#@이름#'''은 꼭 죄 값을 받아야 한다.,,N,N,Y,,,,,,
C165696.json,2,0,0,0,0,0,0,0,0,2,0,Y,Y,Y,''이점명'''은 표만 된다면 부모와 나라도 ''팔아먹'''을 ''야비하'''고 ''교활한''' ''선동꾼'''. 대놓고 매표행위를 하겠다는 거네,''이점명'''은 표만 된다면 부모와 나라도 팔아먹을 야비하고 교활한 선동꾼. 대놓고 매표행위를 하겠다는 거네,Y,Y,N,N,,,,,,
C093432.json,2,0,0,0,0,0,0,0,0,2,0,Y,Y,Y,''조폭'''노조 민노총이 ''좌파'''선거에 도움이 되니 ''불법'''시위해도 ''재앙패거리'''들 ''눈감'''주잖아 선거용 노조.,조폭노조 ''민노총'''이 ''좌파'''선거에 도움이 되니 불법시위해도 ''재앙패거리'''들 눈감주잖아 선거용 노조.,Y,Y,Y,N,,,,,,
C181785.json,1,0,0,0,0,0,0,0,0,1,0,Y,Y,Y,#@이름#는  깃털이고 실절적 수혜자이며 몽통인 #@이름# 가짜 대통령과 김''돼지'''에게 책임을 물어야한다는것이 대다수 국민들 생각이다.,#@이름#는  깃털이고 실절적 수혜자이며 몽통인 ''#@이름# 가짜 대통령'''과 ''김돼지'''에게 책임을 물어야한다는것이 대다수 국민들 생각이다.,Y,Y,N,N,,,,,,
C132356.json,1,0,0,0,0,0,0,0,0,0,0,Y,Y,Y,"
#@이름# #@이름# #@이름#가 말하는 개혁은 지들 입맛대로 수사하고 움직이는 검찰 장악이었다는게 팩트","
#@이름# #@이름# #@이름#가 말하는 개혁은 지들 입맛대로 수사하고 움직이는 검찰 장악이었다는게 팩트",,N,N,Y,,,,,,
C168502.json,1,0,0,0,0,0,2,0,0,0,0,Y,N,Y,"AV쳐보면서 OOO ''쪽빠리'''의 본모습이 투영된 발언임~
",AV쳐보면서 OOO 쪽빠리의 본모습이 투영된 발언임~,N,Y,N,N,Y,N,N,N,N,N
C096218.json,1,0,0,0,2,0,0,0,0,0,0,Y,N,Y,''한녀'''인줄 알았네 ㅋㅋ,한녀인줄 알았네 ㅋㅋ,N,N,N,N,N,Y,N,N,N,N
C158980.json,0,1,0,0,0,0,0,0,0,0,0,Y,Y,Y,고의든 아니든 말못하는 애기인데 조심히 해야지 뚫린 ''주둥아리'''라고 아무말이나 하냐 함무라비 법전이 답이다,고의든 아니든 말못하는 애기인데 조심히 해야지 뚫린 주둥아리라고 아무말이나 하냐 함무라비 법전이 답이다,,N,N,Y,,,,,,
C077645.json,2,0,0,0,0,1,0,0,0,0,2,Y,Y,N,"강행 처리해라. 언제까지 질질 끌래? 우리나라 언론은 다른 나라와 다르다. 무능하고, 부패하고, 패거리의식이 강하고, 진영논리에 빠진 자들이 많고, 언론의 공정성에 관심이 없다. 그냥 한번 질러보고 아니면 말고식으로 사람잡는 언론이 너무 많다. 젊은 기자들은 건방지고 사람을 우습게 안다. 제대로 제갈을 물려야 한다. 해 보고 심각한 문제가 있으면 바꾸면 될 거 아니냐? 지들도 질러보고 아니면 말고식인데... 왜?","강행 처리해라. 언제까지 질질 끌래? 우리나라 ''언론'''은 다른 나라와 다르다. 무능하고, 부패하고, 패거리의식이 강하고, 진영논리에 빠진 자들이 많고, 언론의 공정성에 관심이 없다. 그냥 한번 질러보고 아니면 말고식으로 사람잡는 언론이 너무 많다. 젊은 ''기자'''들은 건방지고 사람을 우습게 안다. 제대로 제갈을 물려야 한다. 해 보고 심각한 문제가 있으면 바꾸면 될 거 아니냐? 지들도 질러보고 아니면 말고식인데... 왜?",,Y,N,N,,,Y,,,Y
C036314.json,0,0,0,2,0,0,0,0,0,0,0,Y,N,Y,진짜 ''죽ㅇ ㅣ'''고싶다....,진짜 죽ㅇ ㅣ고싶다....,N,N,N,N,N,N,N,N,N,N
C095112.json,2,0,0,0,0,0,0,1,0,0,0,Y,Y,Y,#@이름#은 화재로 사람이 실종되는등 사투를 벌이는 시점에 떡볶이 를 먹으면서 파안대소를 하는등 즐기면서 화재파악을 하고 있었다 하네?이것은 ''정신병자'''가 하는짓이다?,''#@이름#'''은 화재로 사람이 실종되는등 사투를 벌이는 시점에 떡볶이 를 먹으면서 파안대소를 하는등 즐기면서 화재파악을 하고 있었다 하네?이것은 정신병자가 하는짓이다?,,Y,N,N,,,,Y,,
C110243.json,2,1,0,1,0,0,2,0,0,0,0,Y,Y,Y,중궈''떼년''' 어디서 ''아가리'''를 ''놀리'''냐,''중궈떼년''' 어디서 아가리를 놀리냐,,Y,N,N,Y,,,,,
C167293.json,1,0,0,0,0,0,0,0,0,2,0,Y,N,Y,"대법원장은 물론 사법부가 이미 ''더듬어만지당''' 영향권에 있다는 것을 모르는 사람은 아무도 없다. 더듬이들아 !
",대법원장은 물론 사법부가 이미 더듬어만지당 영향권에 있다는 것을 모르는 사람은 아무도 없다. 더듬이들아 !,Y,Y,Y,N,N,N,N,N,N,N
C098898.json,1,0,0,0,0,0,0,0,0,0,0,Y,Y,Y,제목에 나라이름 쓰는게 어렵나?기자냐 ''낚시꾼'''이냐? 한국에 있었던 일인양 ''낚지'''마세요,제목에 나라이름 쓰는게 어렵나?''기자'''냐 낚시꾼이냐? 한국에 있었던 일인양 낚지마세요,,N,N,Y,,,,,,
C095834.json,1,0,0,0,0,0,1,0,0,0,0,Y,Y,Y,진짜 이건 아니다 ''원숭이'''들아,진짜 이건 아니다 ''원숭이'''들아,,Y,N,N,Y,,,,,
C174984.json,3,2,0,3,0,0,0,0,0,0,0,Y,N,Y,''지를'''도 가지가지네 저거 지지하는 개돼지들은 진심 국민들을 개돼지로 보는 저넘의 먹이감이지니가 덮은 수사랑 가족들 비위만으로도 자격안되는데 저렇게 뻔뻔할수가 없다. 국민들을 조롱하는듯하다.정말 사람들은 니 잘못과 비위를 모른다고 생각하는지... 그냥 덮으면 그만이라고 생각하는지 정말 진심으로 ''즈겨''' 버리고 싶다 진심으로 저''놈''' ''모가지'''를 ''칼'''로 ''댕강'''''자르'''고 싶다.,지를도 가지가지네 저거 지지하는 개돼지들은 진심 국민들을 개돼지로 보는 저넘의 먹이감이지니가 덮은 수사랑 가족들 비위만으로도 자격안되는데 저렇게 뻔뻔할수가 없다. 국민들을 조롱하는듯하다.정말 사람들은 니 잘못과 비위를 모른다고 생각하는지... 그냥 덮으면 그만이라고 생각하는지 정말 진심으로 즈겨 버리고 싶다 진심으로 저놈 모가지를 칼로 댕강자르고 싶다.,N,N,N,Y,N,N,N,N,N,N
C065211.json,1,1,0,0,0,0,0,0,0,0,0,Y,Y,Y,고민없는 #@이름# 등장했네!!! 생각이 있다면 가만히 있어야하는데 계속 말해서 더불당 따블로 망침 ㅋㅋㅋㅋㅋ 국힘당에 완전 숨은 공신임 ㅋㅋㅋ 입벌리면 바로 ''개'''망신임 ㅋㅋㅋ 그나저나 현수막을 걸어서 자랑하던 4000만명분 백신 언제 오냐??? 광진구 주민들 진짜 암담하겠네요. 이불킥 열심히 할듯,고민없는 ''#@이름#''' 등장했네!!! 생각이 있다면 가만히 있어야하는데 계속 말해서 더불당 따블로 망침 ㅋㅋㅋㅋㅋ 국힘당에 완전 숨은 공신임 ㅋㅋㅋ 입벌리면 바로 개망신임 ㅋㅋㅋ 그나저나 현수막을 걸어서 자랑하던 4000만명분 백신 언제 오냐??? 광진구 주민들 진짜 암담하겠네요. 이불킥 열심히 할듯,,N,N,Y,,,,,,
C140075.json,1,0,0,0,2,0,0,0,0,0,0,Y,Y,N,돈있으면 한국여자 안건드리지,돈있으면 ''한국여자''' 안건드리지,,Y,N,N,,Y,,,,
C193008.json,1,0,0,0,1,0,0,0,0,0,0,Y,Y,Y,"''나래충''' ''극혐'''이네. 댓글 성비봐라 ㅋㅋㅋ 무겁다 무거워
","''나래충''' 극혐이네. 댓글 성비봐라 ㅋㅋㅋ 무겁다 무거워
",,Y,N,N,,Y,,,,
C188390.json,1,0,0,0,0,0,1,0,0,1,0,Y,Y,Y,한반도 서열 *위가 #@이름#이라 앞으로 한미훈련도 북한여자한테 허락받아 하는걸로 ''남조선 공산당'''이 정했습니다.. 북한지령받고 남남갈등 부추기는 간첩들이 곳곳에 퍼져 심히 걱정된다..또 한번 드루킹댓글조작으로 대선개입 하는거 아니지?? 6.25때 공산주의자들 전부 못죽인게 하늘위에 계신 국민영웅 #@이름#장군님이 피눈물 흘리고 있다 남과 북조선 두 독재자가 내년에 베이징에 가서 손잡고 이벤트쇼 벌리며 대선개입 하겠지??/,"한반도 서열 *위가 ''#@이름#'''이라 앞으로 한미훈련도 북한여자한테 허락받아 하는걸로 ''남조선 공산당'''이 정했습니다.. ''북한'''지령받고 남남갈등 부추기는 ''간첩'''들이 곳곳에 퍼져 심히 걱정된다..또 한번 드루킹댓글조작으로 대선개입 하는거 아니지?? 6.25때 공산주의자들 전부 못죽인게 하늘위에 계신 국민영웅 #@이름#장군님이 피눈물 흘리고 있다 남과 ''북조선''' 두 ''독재자'''가 내년에 베이징에 가서 손잡고 이벤트쇼 벌리며 대선개입 하겠지??/
",Y,Y,N,Y,Y,,,,,
C012399.json,2,1,0,0,0,0,0,0,0,2,0,Y,Y,Y,방역 대실패에도 불구하고 ''재앙이''' ''놈'''의 지지율이 40%가 넘는 아이러니! 제정신을 가지고 살자! ''?? ??'''들아!,방역 대실패에도 불구하고 ''재앙이''' 놈의 지지율이 40%가 넘는 아이러니! 제정신을 가지고 살자! ?? ??들아!,Y,Y,N,N,,,,,,
C012881.json,1,0,0,0,0,0,1,0,0,0,0,Y,Y,Y,우리나라꺼나 보여주지 ''관심없'''다 중국,우리나라꺼나 보여주지 관심없다 ''중국''',,Y,N,N,Y,,,,,
C038291.json,1,0,0,0,0,0,0,0,0,0,0,Y,Y,Y,고위 공직자들 가족이나 주변사람들이 가게하면 가지맙시다 특히 대통령 아들인 #@이름#씨 작품이나 그런건 관심도 주지 말자구요,''고위 공직자들 가족'''이나 ''주변사람'''들이 가게하면 가지맙시다 특히 대통령 아들인 #@이름#씨 작품이나 그런건 관심도 주지 말자구요,,N,N,Y,,,,,,
C105365.json,1,2,0,2,0,0,3,0,0,0,0,Y,Y,Y,''쪽바1리''' ''새끼'''들 다 걸려서 다 ''뒤져'''주길 ㅋ 저것들이랑 ''짱께'''들이랑 다를게 뭐임?,''쪽바1리''' 새끼들 다 걸려서 다 뒤져주길 ㅋ 저것들이랑 ''짱께'''들이랑 다를게 뭐임?,,Y,N,N,Y,,,,,
C031515.json,1,0,0,0,0,0,1,0,0,0,0,Y,Y,Y,피부가 검정색이란게 ''벼슬'''인 미국,피부가 검정색이란게 벼슬인 ''미국''',,Y,N,N,Y,,,,,
C083526.json,1,1,0,0,0,0,0,0,0,0,0,Y,Y,Y,#@이름# 이''놈'''이 국민 버리고 도망친 ''놈''' 인가요?,''#@이름#''' 이놈이 국민 버리고 도망친 놈 인가요?,,N,N,Y,,,,,,
C184725.json,1,1,0,0,0,0,1,0,0,1,0,Y,Y,Y,인민들 걱정하느라 수령님 살 빠졌다고 울먹이며 인터뷰하는 북한주민들 보니까 ''대깨문'''이 오버랩되더라.#@이름#연설때 입술에 밥풀인지 참외씬지 묻은걸보고 나라걱정하느라 피곤해서 입술터진거라고 울먹울먹하는게,인민들 걱정하느라 수령님 살 빠졌다고 울먹이며 인터뷰하는 ''북한'''주민들 보니까 ''대깨문'''이 오버랩되더라.''#@이름#'''연설때 입술에 밥풀인지 참외씬지 묻은걸보고 나라걱정하느라 피곤해서 입술터진거라고 울먹울먹하는게,Y,Y,N,Y,Y,,,,,
C013122.json,2,0,0,0,0,0,2,0,0,0,0,Y,Y,Y,일본 ''똥물'''이 어때서 일본 ''똥물''' 국가 일본 자기들 욕심 ''이기주의''' 국가,''일본''' 똥물이 어때서 ''일본''' 똥물 국가 ''일본''' 자기들 욕심 이기주의 국가,,Y,N,N,Y,,,,,
C116895.json,1,0,0,0,0,0,1,0,0,0,0,Y,Y,N,국민이 사망해도 통보도 없이 슬쩍 화장하는 베트남에 무엇을 더 바리냐,국민이 사망해도 통보도 없이 슬쩍 화장하는 ''베트남'''에 무엇을 더 바리냐,,Y,N,N,Y,,,,,
C132489.json,1,0,0,0,0,0,0,0,0,0,0,Y,Y,Y,"이 할아버지 고집쟁이 할베가 되었네,, 지인 아버님 장례식장도 못 가는 판에,, 생각이 너무 없으심","이 할아버지 고집쟁이 할베가 되었네,, 지인 아버님 장례식장도 못 가는 판에,, 생각이 너무 없으심",,N,N,Y,,,,,,
C019331.json,2,2,0,0,0,0,0,0,0,0,0,Y,Y,Y,''토착왜구''' #@이름# ''쓰방''' 시,토착왜구 ''#@이름#''' 쓰방 시,,N,N,Y,,,,,,
C166250.json,2,2,0,0,2,0,0,0,0,0,0,Y,Y,Y,''????''' ''??'''같은 ''꼴페미''' 원조~ 넌 뇌물 받아 먹은 범죄자야~ 조용히 하고 평생 자숙해라~,???? ??같은 ''꼴페미''' 원조~ 넌 뇌물 받아 먹은 범죄자야~ 조용히 하고 평생 자숙해라~,,Y,N,N,,Y,,,,
C179479.json,1,0,0,0,0,0,0,0,0,0,0,Y,Y,Y,그 대학 수준을 알겠다~교수란 ''작자'''가 저러니….쯧,그 ''대학''' 수준을 알겠다~''교수'''란 작자가 저러니….쯧,,N,N,Y,,,,,,
C099274.json,1,3,0,0,0,0,0,0,0,0,0,Y,Y,Y,결론은 타임지의 기사를 좋게보는 시각과 그 반대의 시각이 공존한다는거지. 이 기사가 반론 형식으로 내보내진 기사라는거 안읽었냐? 그저 ''쳐''' 반대만 할줄 아는 인간들 댓글 ''뽄새'''가 ㅉㅉㅉㅉ,결론은 타임지의 기사를 좋게보는 시각과 그 반대의 시각이 공존한다는거지. 이 기사가 반론 형식으로 내보내진 기사라는거 안읽었냐? 그저 쳐 ''반대만 할줄 아는 인간'''들 댓글 뽄새가 ㅉㅉㅉㅉ,,N,Y,N,,,,,,
C002140.json,1,0,0,1,0,0,1,0,0,0,0,Y,Y,Y,중국인줄 알고 ''폭행'''했다고 봅니다,''중국'''인줄 알고 폭행했다고 봅니다,,Y,N,N,Y,,,,,
C194223.json,2,1,0,0,0,0,1,0,0,0,0,Y,N,Y,"무슨 장례식장이 패션쇼장이냐#@이름# 행거치프는 뭐냐 OOO 외국''넘'''이라 그런지 예의도 몰라
",무슨 장례식장이 패션쇼장이냐#@이름# 행거치프는 뭐냐 OOO 외국넘이라 그런지 예의도 몰라,N,Y,N,N,Y,N,N,N,N,N
C166407.json,2,1,0,0,0,0,0,0,0,0,0,Y,Y,Y,"#@이름#이 짐승만도 못한''놈'''이 사퇴해야지, ''뻔뻔'''한''놈'''","''#@이름#'''이 ''짐승만도 못한놈'''이 사퇴해야지, 뻔뻔한놈",,N,N,Y,,,,,,
C033943.json,2,0,0,0,0,0,0,0,0,0,2,Y,Y,Y,''판새'''가 또 한건했군~,''판새'''가 또 한건했군~,,Y,N,N,,,,,,Y
C161482.json,2,1,0,0,0,2,0,0,0,1,0,Y,Y,Y,"ㅋㅋㅋ 40대가 문재인 주 지지층이라며? 지금 문정권이 ''존나'''게 내는 빚, 앞으로 니들이 20년간 ''죠 빠지'''게 일해서 갚아야하는 빚이다. 일 열심히들 해라~ ㅋㅋ","ㅋㅋㅋ ''40대'''가 ''문재인''' 주 지지층이라며? 지금 ''문정권'''이 존나게 내는 빚, 앞으로 니들이 20년간 죠 빠지게 일해서 갚아야하는 빚이다. 일 열심히들 해라~ ㅋㅋ",Y,Y,N,N,,,Y,,,
C076650.json,1,0,0,0,0,0,0,1,0,0,0,Y,N,Y,''정신병자''' 아니야 저거?!!,정신병자 아니야 저거?!!,N,Y,N,N,N,N,N,Y,N,N
C033639.json,1,0,0,0,0,1,0,0,0,0,0,Y,Y,Y,유학생인 나에게 백신 접종권이 도착한거보면 확실히 일본 백신 넘쳐나는거 맞아 일본은 화이자 모더나 접종하고 한국은 그냥 백신이라면 아무거나 놔주는데 선진국에서 ''아제''' 접종제한건 이유는 있는거같음,유학생인 나에게 백신 접종권이 도착한거보면 확실히 일본 백신 넘쳐나는거 맞아 일본은 화이자 모더나 접종하고 한국은 그냥 백신이라면 아무거나 놔주는데 선진국에서 ''아제''' 접종제한건 이유는 있는거같음,,Y,N,N,,,Y,,,
C098047.json,1,0,0,0,0,0,1,0,0,0,0,Y,Y,Y,좀 머꼬산다고 국수주의자 되는거지 뭐 ''짱깨뽕''',좀 머꼬산다고 국수주의자 되는거지 뭐 ''짱깨'''뽕,,Y,N,N,Y,,,,,
C138979.json,0,2,0,1,0,0,0,0,0,0,0,Y,Y,Y,0대우리딸이 13키로가 넘는다 저 ''짐승새끼'''들을 ''죽여'''야된다,0대우리딸이 13키로가 넘는다 저 짐승새끼들을 죽여야된다,,N,N,Y,,,,,,
C158759.json,1,0,0,0,0,0,0,0,0,1,0,Y,Y,Y,이미 지하철이 아침부터 만원인데 땀까지 흘리고 에어컨 풀가동 하는 공간도 방역이란 없는데 집회 허용하고 #@이름# ''탄핵'''집회 가야한다! 이게 나라냐! 코로나 방역이용하는 좌파 물러나라!,이미 지하철이 아침부터 만원인데 땀까지 흘리고 에어컨 풀가동 하는 공간도 방역이란 없는데 집회 허용하고 ''#@이름#''' 탄핵집회 가야한다! 이게 나라냐! 코로나 방역이용하는 ''좌파''' 물러나라!,Y,Y,N,N,,,,,,
C060147.json,1,0,0,0,0,0,0,0,0,0,2,Y,Y,Y,"그늘진 곳 차 세워놓고 뭣들 하는건지 참 ''나태'''하고 ''무능'''하고''고압'''적이고 ''귀차니즘'''에 빠진 경찰도 참 많은 것이 이런 ''참사'''를
","그늘진 곳 차 세워놓고 뭣들 하는건지 참 나태하고 무능하고 고압적이고 귀차니즘에 빠진 ''경찰'''도 참 많은 것이 이런 참사를
",,Y,N,N,,,,,,Y
C057650.json,2,0,0,0,0,0,0,0,0,1,0,Y,Y,N,집권해서 3년동안 팽팽 놀며 제대로 조사안하고 이제서야 세월호 조사하는 #@이름#은 직권 남용 업무방해로 탄핵감이다 . 180석이나 가지고 지맘대로 법처리 하면서도 그 아이들의 원한을 여태까지 3년동안 뭉개다 이제서야 조사한다는건 정말 나쁜 놈들이다 .180석이나 있으면서 이렇게 조사를 지연시킨 집권세력 꿍꿍이를 수사해야한다.,"집권해서 3년동안 팽팽 놀며 제대로 조사안하고 이제서야 세월호 조사하는 ''#@이름#'''은 직권 남용 업무방해로 탄핵감이다 . 180석이나 가지고 지맘대로 법처리 하면서도 그 아이들의 원한을 여태까지 3년동안 뭉개다 이제서야 조사한다는건 정말 나쁜 놈들이다 .180석이나 있으면서 이렇게 조사를 지연시킨 집권세력 꿍꿍이를 수사해야한다.
",Y,Y,N,N,,,,,,
C191436.json,1,1,0,0,0,0,0,0,0,2,0,Y,Y,Y,#@이름#는 해외까지 쫓아가서 ''?? 생쑈질'''을 해놓고. ㅋㅋㅋㅋㅋㅋㅋ 하여간 좌파 인간들 하나같이 내로남불 ''역겨'''워. 고위공직에 ''쓰레기'''들 줄줄이 박아놓고. 정권 바뀌면 싸그리 정리 뿌리채 뽑아야된다 ''쓰레기'''들.,''#@이름#'''는 해외까지 쫓아가서 ?? 생쑈질을 해놓고. ㅋㅋㅋㅋㅋㅋㅋ 하여간 좌파 인간들 하나같이 내로남불 역겨워. 고위공직에 쓰레기들 줄줄이 박아놓고. 정권 바뀌면 싸그리 정리 뿌리채 뽑아야된다 쓰레기들.,Y,Y,N,N,,,,,,
C056585.json,2,1,0,0,0,0,0,0,0,0,0,Y,Y,Y,광화문 패거리들 원죄는? 최초로 ''싸질러''' 놓은 ''넘'''들부터,''광화문 패거리'''들 원죄는? 최초로 싸질러 놓은 넘들부터,,N,Y,N,,,,,,
C008044.json,2,0,0,0,0,0,0,0,0,0,0,Y,Y,Y,첫째지도자가 똑똑해야함. 지도자가''어리버리''' ''어정쩡'''이면 나라전체는물론국민까지 ''x 으로취급'''받는거몰라?,첫째''지도자'''가 똑똑해야함. ''지도자'''가어리버리 어정쩡이면 나라전체는물론국민까지 x 으로취급받는거몰라?,,N,N,Y,,,,,,
C099702.json,2,2,0,0,0,0,0,0,0,2,0,Y,Y,Y,일본에만 ''발악'''하는 ''대깨문'''들 특징 - 짜장면 ''좉나''' 좋아함.. #@이름# 짜파구리 먹을 때 같이 ''처'''먹음,일본에만 발악하는 ''대깨문'''들 특징 - 짜장면 좉나 좋아함.. ''#@이름#''' 짜파구리 먹을 때 같이 처먹음,Y,Y,N,Y,,,,,,
C111208.json,2,0,0,0,0,0,2,0,0,0,0,Y,Y,Y,"
아직도 토착왜구 드립치는 ''뇌절'''온 것들 많네. 팩트: 이나라엔 토착''짱깨'''와 토착''빨갱이'''만 있지 토착왜구 따윈 없다","
아직도 토착왜구 드립치는 뇌절온 것들 많네. 팩트: 이나라엔 토착''짱깨'''와 토착''빨갱이'''만 있지 토착''왜구''' 따윈 없다",,Y,N,N,Y,,,,,
C055418.json,2,1,0,0,0,0,0,0,0,0,0,Y,Y,Y,도대체 기본이라도 상식적으로 하는게 1이라도 있냐??!!!#@이름#.... ''재앙'''으로 국민들은 ''생지옥'''과 ''아비규환'''....첨으로 ''뻔뻔스런''' 3대가 ''천벌 벋'''을몸..,도대체 기본이라도 상식적으로 하는게 1이라도 있냐??!!!''#@이름#'''.... 재앙으로 국민들은 생지옥과 아비규환....첨으로 뻔뻔스런 3대가 천벌 벋을몸..,,N,N,Y,,,,,,
C052370.json,1,0,0,0,0,0,0,0,0,2,0,Y,N,Y,똥을 된장이라고 우기는 ''문똥''' 패거리 지긋지긋해요. 하루빨리 몰아내야 나라가 살아요,똥을 된장이라고 우기는 문똥 패거리 지긋지긋해요. 하루빨리 몰아내야 나라가 살아요,Y,Y,N,N,N,N,N,N,N,N
C172020.json,1,0,0,0,0,0,0,0,0,0,0,Y,Y,Y,#@이름#은 절대 대통령은 못되는걸 자신은 알고 있네.. 지사직이라 유지해야지 아니면 어디 ''비려나먹'''겠나 ...,''#@이름#'''은 절대 대통령은 못되는걸 자신은 알고 있네.. 지사직이라 유지해야지 아니면 어디 비려나먹겠나 ...,,N,N,Y,,,,,,
C175406.json,2,0,0,0,0,0,0,0,0,1,0,Y,Y,Y,"보수가 오랫동안 잘못해서 민주가 과반수 이상 여당이지만 #@이름#이 같은 인물이 민주당 조긍씩 ''말아먹'''어서, 5년전 거도 잊어버리게 만들었음. #@이름#이 나오면 다시 보수가 정권을 잡아야 나라가 될것같다. 민주당 정권 유지 할려면 #@이름#이 ''쳐내'''라","''보수'''가 오랫동안 잘못해서''민주'''가 과반수 이상 여당이지만 ''#@이름#'''이 같은 인물이 ''민주당''' 조긍씩 말아먹어서, 5년전 거도 잊어버리게 만들었음. ''#@이름#'''이 나오면 다시 ''보수'''가 정권을 잡아야 나라가 될것같다. ''민주당''' 정권 유지 할려면 ''#@이름#'''이 쳐내라",Y,Y,N,N,,,,,,
C073579.json,1,0,0,0,0,0,2,0,0,0,0,Y,Y,Y,그래서 어쨌다는겁니까? 증조부가 조선총독부 표창을 받았다고 합시다. 그래서 어쨌다는겁니까? 설마 ''북괴'''처럼 연좌제로 모는거 아니죠?,그래서 어쨌다는겁니까? 증조부가 조선총독부 표창을 받았다고 합시다. 그래서 어쨌다는겁니까? 설마 ''북괴'''처럼 연좌제로 모는거 아니죠?,,Y,N,N,Y,,,,,
C183213.json,0,2,0,0,0,0,0,0,0,0,0,Y,Y,Y,#@이름#야. T자고 뭐고 너는 이제 절대 정치 못하니 조용히 ''꺼져''' 있어라.,''#@이름#'''야. T자고 뭐고 너는 이제 절대 정치 못하니 조용히 꺼져 있어라.,,N,N,Y,,,,,,
C141809.json,2,0,0,0,0,0,0,0,0,0,0,Y,Y,Y,OOO의방가 ''패륜'''의방가,OOO의''방가''' 패륜의''방가''',,N,Y,N,,,,,,
C135214.json,1,1,0,0,0,0,0,0,0,0,0,Y,Y,Y,운동밥 먹는''놈'''들 뻔한것 아닌가?술.여자.차 안좋아하면 ''시채'''지?요즘 티비에서 운동출신들 아니라고 봅니다.인맥으로 하나둘씩 출현해서 뜨게되고 잘못되도 한참 잘못됐어~,''운동밥 먹는놈'''들 뻔한것 아닌가?술.여자.차 안좋아하면 시채지?요즘 티비에서 ''운동출신'''들 아니라고 봅니다.인맥으로 하나둘씩 출현해서 뜨게되고 잘못되도 한참 잘못됐어~,,N,Y,N,,,,,,
C113954.json,1,1,0,0,0,0,0,0,0,1,0,Y,Y,Y,비서들이 써준 A4지 없으면 ''조둥이''' 열지 못하는 문씨하고는 격이 다르군,비서들이 써준 A4지 없으면 조둥이 열지 못하는 ''문씨'''하고는 격이 다르군,Y,Y,N,N,,,,,,
C066291.json,2,0,0,0,0,0,0,0,0,0,0,Y,Y,Y,#@이름#이되면 민주당 ''박살날'''듯...저성질에 가만 두겠나 국민들도 다시 실수하면 안된다 기본 인성이 가장중요 이젠 제대로 뽑자,''#@이름#'''이되면 민주당 박살날듯...저성질에 가만 두겠나 국민들도 다시 실수하면 안된다 기본 인성이 가장중요 이젠 제대로 뽑자,,Y,N,N,,,,,,
C112385.json,2,0,0,0,0,0,2,0,0,0,0,Y,N,Y,땅덩어리크고 인구 많다고 우월한건가? 그큰 땅덩어리에 겨우 그정도의 인물밖에 없으면서 도대체 무엇으로 대국이길 바라는건지....OOO ''꼴갑'''한다는말이 생각나네,땅덩어리크고 인구 많다고 우월한건가?  그큰 땅덩어리에 겨우 그정도의 인물밖에 없으면서 도대체 무엇으로 대국이길 바라는건지....OOO 꼴갑한다는말이 생각나네,N,Y,N,N,Y,N,N,N,N,N
C100879.json,1,0,0,0,0,0,2,0,0,0,0,Y,N,Y,*위도 #@이름# 없었으면 불가능이였고 브라질 ''껌둥이'''는 남자아니냐?,*위도 #@이름# 없었으면 불가능이였고 브라질 껌둥이는 남자아니냐?,N,Y,N,N,Y,N,N,N,N,N
C071794.json,2,0,0,0,0,0,0,0,0,0,0,Y,Y,Y,어제 여론조사 한군데  막더니 지들이 앞선다고 ㅋ 더더더 ''더럽'''다 #@이름#아 ''구질구질하'''다 더더더 ''짓'''어라 내년엔 꼭 누가당신을 심판하는지,어제 여론조사 한군데  막더니 지들이 앞선다고 ㅋ 더더더 더럽다 ''#@이름#'''아 구질구질하다 더더더 짓어라 내년엔 꼭 누가당신을 심판하는지,,N,N,Y,,,,,,
C120620.json,2,1,0,0,0,0,0,0,0,2,0,Y,Y,Y,대한민국도   문 가''놈'''이  4년동안  완전히    ''망쳐''' 놨다,대한민국도   ''문''' 가놈이  4년동안  완전히    망쳐 놨다,Y,Y,N,N,,,,,,
C086379.json,1,0,0,0,0,0,0,0,0,1,1,Y,N,Y,제목번역내가 검찰총장이였거든~''내 밑에 후배들 있는데''' 너네가 내가족을 건들여?자신있으면 ''덤비삼'''~,제목번역내가 검찰총장이였거든~내 밑에 후배들 있는데 너네가 내가족을 건들여?자신있으면 덤비삼~,Y,Y,N,Y,N,N,N,N,N,Y
C122217.json,1,0,0,0,0,0,0,0,0,2,2,Y,Y,Y,MBC 가 방송국이라고 ???''좌빨''' 노조들을 놀이터자나 ~유튜브만도 못한데 ~~~~~~,MBC 가 방송국이라고 ???''좌빨 노조'''들을 놀이터자나 ~유튜브만도 못한데 ~~~~~~,Y,Y,N,N,,,,,,Y
C160434.json,2,0,0,0,0,0,0,0,0,1,0,Y,Y,Y,"''국짐당''' ''바끄네''' ''공산당''' 전쟁승리 기념 체제 홍보 중국 전승절 참석했다 미국에 ''팽'''''당하'''고 사드 강제배치당하고 중국 경제 보복 초래하고 미국한탠 ''개'''무시당하고 ㅉㅉㅉ
","''국짐당''' ''바끄네''' 공산당 전쟁승리 기념 체제 홍보 중국 전승절 참석했다 미국에 팽당하고 사드 강제배치당하고 중국 경제 보복 초래하고 미국한탠 개무시당하고 ㅉㅉㅉ
",Y,N,Y,Y,,,,,,
C013448.json,1,0,0,0,0,0,0,0,0,1,0,Y,Y,N,mbc아직 시청하는 사람있나?저희는아예 지인들도 안봐요 나쁜좌들,''mbc'''아직 시청하는 사람있나?저희는아예 지인들도 안봐요 나쁜''좌'''들,Y,Y,N,Y,,,,,,
C144730.json,1,0,0,0,0,0,0,0,0,1,0,Y,N,N,뭐주고 뺨 맞는 꼴이지 하는짓이 정권 수준보소..,뭐주고 뺨 맞는 꼴이지 하는짓이 정권 수준보소..,Y,Y,Y,N,N,N,N,N,N,N
C145661.json,1,1,0,1,0,0,0,0,0,0,0,Y,N,Y,전형적인 골목 ''불량배'''로군....저런 ''놈'''은 ''손''' 좀 ''봐줘'''야 돼.,전형적인 골목 불량배로군....저런 놈은 손 좀 봐줘야 돼.,N,N,N,Y,N,N,N,N,N,N
C121733.json,2,0,0,0,0,0,0,0,0,1,0,Y,Y,Y,문득 생각해..탈레반과 북한 어디가 더 공포정치일까~~어디가 더 인권을 침해할까~단지 북한을 동포라는이유로 물고 빠는이들은 탈레반도 아프칸인들과 동포라는건알까~북한을 물고 ''빠'''는이들이 탈레반을 욕할 자격이나 있을까..나도 대학때 운동권이고 반미를외쳤지만  그들의 실상을 본 지금은...그래서 지금이정권에 감사한다 30년 넘게 내눈에 씌워진 좌파 사회주의의 환상을 깨주었거든...앞으로 내가 좌파를 찍어줄일은 없게되었거든,문득 생각해..탈레반과 북한 어디가 더 공포정치일까~~어디가 더 인권을 침해할까~단지 북한을 동포라는이유로 물고 빠는이들은 탈레반도 아프칸인들과 동포라는건알까~북한을 물고 빠는이들이 탈레반을 욕할 자격이나 있을까..나도 대학때 운동권이고 반미를외쳤지만  그들의 실상을 본 지금은...그래서 지금이정권에 감사한다 30년 넘게 내눈에 씌워진 ''좌파''' ''사회주의'''의 환상을 깨주었거든...앞으로 내가 좌파를 찍어줄일은 없게되었거든,Y,Y,N,N,,,,,,
C029496.json,2,0,0,0,0,0,0,0,0,0,0,Y,Y,Y,일본 돈 날라간 걸 왜 우리가 걱정하나. 별 ''쓸데없'''는 기사 쓰고 ''자빠졌'''네. 진짜.,일본 돈 날라간 걸 왜 우리가 걱정하나. 별 쓸데없는 기사 쓰고 자빠졌네. 진짜.,,N,N,Y,,,,,,
C122961.json,2,3,0,0,0,0,0,0,0,0,0,Y,Y,Y,니 ''애미'''''애비'''가 동의해서 출연료 다 받아 ''쳐'''먹지 않았냐,니 ''애미'''''애비'''가 동의해서 출연료 다 받아 쳐먹지 않았냐,,N,Y,N,,,,,,
C048930.json,2,0,0,0,0,0,0,0,0,0,0,Y,Y,Y,진짜 ''쪽팔리'''네 MBC ''사장''' ''내려와'''라.,진짜 쪽팔리네 ''MBC 사장''' 내려와라.,,N,N,Y,,,,,,
C142851.json,0,2,0,0,0,0,0,0,0,0,0,Y,Y,Y,''버 러''' #@이름# 노 총 ''ㅅ ㅐ ㄲ ㅣ''' 들,버 러 ''#@이름#''' ''노 총''' ㅅ ㅐ ㄲ ㅣ 들,,N,Y,Y,,,,,,
C113090.json,2,0,0,0,0,0,0,0,0,2,0,Y,N,Y,우린 ''재앙'''이란것에 하두당해서 ufo감흥 없음,우린 재앙이란것에 하두당해서 ufo감흥 없음,Y,Y,N,N,N,N,N,N,N,N
C180094.json,2,3,0,2,0,0,0,0,0,0,0,Y,Y,Y,한미연합훈련 연기연판장에 찬성한 74명 ''기생충''' ''간첩'''명단에 #@이름# 간첩한마리 추가요~ 이들 간첩명단 절대잊지말자 !!!!!! 현재 북송명단 #@이름#+74명 간첩의원+#@이름# = 76명!! 북송법만들어 이들의 로망인 #@이름#에게 편도로 보내주자!! 후회한다고 왕복은 No~ No~ #@이름# 노예로 살던 고사포로 뼈가루가되던 지 팔자~ ㅋ,''한미연합훈련 연기연판장에 찬성한 74명''' 기생충 간첩명단에 ''#@이름#''' 간첩한마리 추가요~ 이들 간첩명단 절대잊지말자 !!!!!! 현재 북송명단 ''#@이름#'''+''74명 간첩의원'''+''#@이름#''' = 76명!! 북송법만들어 이들의 로망인 ''#@이름#'''에게 편도로 보내주자!! 후회한다고 왕복은 No~ No~ #@이름# 노예로 살던 고사포로 뼈가루가되던 지 팔자~ ㅋ,,N,Y,Y,,,,,,
C116830.json,2,1,0,0,0,0,0,0,0,0,0,Y,Y,Y,이다영??? 인간''쓰레기'''???? 그딴 ''연''' 들 ''까지'''리그래,''이다영'''??? 인간쓰레기???? 그딴 연 들 까지리그래,,N,N,Y,,,,,,
C076138.json,1,0,0,0,0,0,0,0,0,0,0,Y,Y,Y,#@이름#아. 넌. 도대체 ''죄명'''이. ''몇개'''니?,''#@이름#'''아. 넌. 도대체 죄명이. 몇개니?,,N,N,Y,,,,,,
C084229.json,2,0,0,0,0,0,0,0,0,0,0,Y,Y,Y,다 ''말아먹'''고 이제와서 ''쩝쩝이''' 하는 ''꼬라지''' 하고는... 그냥 속시원히 올림픽 ''보이콧'''해라. 올림픽 불참하면 너의 줏대는 내가 인정하마.,다 말아먹고 이제와서 쩝쩝이 하는 꼬라지 하고는... 그냥 속시원히 ''올림픽''' 보이콧해라. ''올림픽''' 불참하면 너의 줏대는 내가 인정하마.,,N,N,Y,,,,,,
C037083.json,2,0,0,0,0,0,0,0,0,0,2,Y,Y,Y,시장이나부시장이나 ''OOO'''들?,''시장'''이나''부시장'''이나 OOO들?,,Y,N,N,,,,,,Y
C069059.json,2,0,0,0,0,0,0,0,0,2,0,Y,Y,Y,"일본 아시히가 해외? 아사히는 일본내 ''좌빨'''언론임 그리고 이법은 대한민국 ''좌빨'''언론의 자폭법임 ''멍청한''' ''개'''''돼지''' 보수들이 ''똥오줌 못가리'''고 민주당이 통과시켰으니 무조건 반대하고있음 ''멍청하'''게 이분법적 사고로 이해를 하니 원.. 거짓뉴스,언론으로 감옥가고 정권뺏긴게 보수임 자유주의는 진실을 중요시해야하고 자유에 따른 책임이 뒤따른다는걸 주장해야하는거임 거짓을 유포하면 책임을 지는게 너무나도 통상적인 이해이고 정상인의 사고임","일본 ''아시히'''가 해외? ''아사히'''는 일본내 ''좌빨언론'''임 그리고 이법은 대한민국 ''좌빨언론'''의 자폭법임 멍청한 개돼지 ''보수'''들이 똥오줌 못가리고 ''민주당'''이 통과시켰으니 무조건 반대하고있음 멍청하게 이분법적 사고로 이해를 하니 원.. 거짓뉴스,언론으로 감옥가고 정권뺏긴게 ''보수'''임 자유주의는 진실을 중요시해야하고 자유에 따른 책임이 뒤따른다는걸 주장해야하는거임 거짓을 유포하면 책임을 지는게 너무나도 통상적인 이해이고 정상인의 사고임",Y,Y,N,Y,,,,,,
C106232.json,0,1,0,2,0,0,0,0,0,0,0,Y,Y,Y,어떤목사 : #@이름# 까불면 나한테 ''죽'''어,''어떤목사 : #@이름#''' 까불면 나한테 죽어,,N,N,Y,,,,,,
C085375.json,2,2,0,0,0,0,0,0,0,2,0,Y,Y,Y,"
진짜 웃긴게 지금 저 상황이 #@이름# 그 ''쓰레기'''의 한마디에 저리된거....''으르렁''' 거리다가 #@이름#이 그만해! 하니까 그만하고 있다ㅋㅋ 이정부의 비선실세가 #@이름# 그 ''쓰레기'''일줄이야","
진짜 웃긴게 지금 저 상황이 ''#@이름#''' 그 ''쓰레기'''의 한마디에 저리된거....으르렁 거리다가 ''#@이름#'''이 그만해! 하니까 그만하고 있다ㅋㅋ 이''정부'''의 ''비선실세'''가 ''#@이름#''' 그 ''쓰레기'''일줄이야",Y,Y,N,N,,,,,,
C025209.json,1,0,0,0,0,0,0,0,0,0,0,Y,Y,Y,''악의 축''' #@이름#,악의 축 ''#@이름#''',,N,N,Y,,,,,,
C180823.json,2,3,0,2,0,0,0,0,0,1,0,Y,N,Y,자진해서 하야하라는 청원은 100만이 넘었는데 그건 언제 답할거냐? 위선자 ''쑈쟁이''' ''관종''' ''늙은이'''ㅉㅉ''처'''''맞'''아야지 진짜,자진해서 하야하라는 청원은 100만이 넘었는데 그건 언제 답할거냐? 위선자 쑈쟁이 관종 늙은이ㅉㅉ처맞아야지 진짜,Y,Y,N,N,N,N,N,N,N,N
C001674.json,2,0,2,0,0,0,0,0,0,0,0,Y,Y,Y,성범죄자 #@이름#이 만든 고척돔은 비올때마다 맨날 비 샌다. ''냄새 맡고 섹스 알려줄''' 시간에 본인 업무나 똑바로 알았으면 이런 일이 있겠냐?,성범죄자 ''#@이름#'''이 만든 고척돔은 비올때마다 맨날 비 샌다. 냄새 맡고 섹스 알려줄 시간에 본인 업무나 똑바로 알았으면 이런 일이 있겠냐?,,N,N,Y,,,,,,
C157735.json,1,0,0,0,0,0,0,0,0,1,0,Y,Y,N,코로나 정책이 잘못되면 늘 질병관리청장이 사과하고 책임지는데 밖으로 나돌아 다니면서는 청와대 깡통이 잘한것처럼 떠들고 있는데 이게 다 기모란이가 앉아서 기획하는 일인가?,"코로나 정책이 잘못되면 늘 질병관리청장이 사과하고 책임지는데 밖으로 나돌아 다니면서는 청와대 깡통이 잘한것처럼 떠들고 있는데 이게 다 ''기모란'''이가 앉아서 기획하는 일인가?
",Y,Y,N,N,,,,,,
C087752.json,2,0,0,0,0,0,0,0,0,2,0,Y,Y,Y,''국짐''' 이제 ''없어지겠'''군. 후련하다.,''국짐''' 이제 없어지겠군. 후련하다.,Y,Y,N,N,,,,,,
C136680.json,2,0,1,0,1,0,0,0,0,0,0,Y,Y,Y,"''발정난 군바리 새끼'''들에게는 총살로 답을 해줘야 한다. 나라를 지키는게 니들 임무지 ''ㅈ''' 마음대로 휘두르라고 군복 입혀놓은거 아니다.
","''발정난 군바리 새끼'''들에게는 총살로 답을 해줘야 한다. 나라를 지키는게 니들 임무지 ㅈ 마음대로 휘두르라고 군복 입혀놓은거 아니다.
",,Y,N,N,,Y,,,,
C026513.json,2,0,0,0,2,0,0,0,0,0,0,Y,Y,Y,올림픽에 ''호모'''와 ''트젠'''들이 왜이리 많냐. 무슨 디즈니 만화 찍냐.,올림픽에 ''호모'''와 ''트젠'''들이 왜이리 많냐. 무슨 ''디즈니 만화''' 찍냐.,,Y,N,Y,,Y,,,,
C010498.json,1,1,0,0,0,0,0,0,0,0,0,Y,Y,Y,수비도 ''개판''' 콜키퍼도 ''개판''',''수비'''도 개판 ''콜키퍼'''도 개판,,N,N,Y,,,,,,
C002012.json,2,0,0,0,3,0,0,0,0,0,0,Y,Y,Y,"ㅋㅋㅋ ''페미니즘은 걍 정신병'''이자 ''사회악'''이라니깐 ''페미들이 한국사회에 끼친 폐악이란건 정말 상상할수없을 정도'''다 #@이름#,#@이름#같은 ''살인마들과 동급으로 취급해'''줘야한다 나라가 산업화시대 민주화시대를지나 잘살게되니까 별의별 이상한 사상이 판치는듯","ㅋㅋㅋ ''페미니즘'''은 걍 정신병이자 사회악이라니깐 ''페미'''들이 한국사회에 끼친 폐악이란건 정말 상상할수없을 정도다 #@이름#,#@이름#같은 살인마들과 동급으로 취급해줘야한다 나라가 산업화시대 민주화시대를지나 잘살게되니까 별의별 이상한 사상이 판치는듯",,Y,N,N,,Y,,,,
C092317.json,1,0,0,0,0,0,0,0,0,1,0,Y,Y,Y,''더불어 추행당'''의 주요 인사들도 ''성추행''' 달인들인데 보좌관은 당연하겠지~? #@이름#의원의 피해자 회유는 피해호소인이라서 그랬을까~? ''더불어 추행당'''에서 #@이름# 의원직 유지시켜 주려고 잔꾀를 쓰는 중~?,''더불어 추행당'''의 주요 인사들도 성추행 달인들인데 보좌관은 당연하겠지~? ''#@이름#'''의원의 피해자 회유는 피해호소인이라서 그랬을까~? ''더불어 추행당'''에서 ''#@이름#''' 의원직 유지시켜 주려고 잔꾀를 쓰는 중~?,Y,Y,N,Y,,,,,,
C177284.json,1,0,0,0,0,0,0,0,0,2,0,Y,Y,Y,#@이름#와 그 지지자들은 #@이름#을 부정한다. 왜냐면 토착오ㅐ구''놈'''들이거든. 대한민국 국민이 #@이름#을 부정한다는 게 말이 되냐?,''#@이름#와 그 지지자'''들은 #@이름#을 부정한다. 왜냐면 토착오ㅐ구놈들이거든. 대한민국 국민이 #@이름#을 부정한다는 게 말이 되냐?,Y,Y,N,N,,,,,,
C072195.json,1,0,0,0,0,0,0,0,0,0,0,Y,Y,Y,이방은 ''골빈'''애들이 많내,이방은 ''골빈애'''들이 많내,,N,Y,N,,,,,,
C113265.json,1,0,0,0,0,0,2,0,0,0,0,Y,Y,Y,중국이 ''먹칠'''할께있냐?ㅋㅋㅋㅋㅋ 그냥 ''먹'''인데,''중국'''이 먹칠할께있냐?ㅋㅋㅋㅋㅋ 그냥 먹인데,,Y,N,N,Y,,,,,
C082124.json,1,2,0,0,0,0,0,0,0,2,0,Y,Y,Y,''지랄'''을해라 대깨문 광신도들이나 여론조사 참여하지 ㅋㅋㅋ 걍 투표로 보여주자,지랄을해라 ''대깨문 광신도'''들이나 여론조사 참여하지 ㅋㅋㅋ 걍 투표로 보여주자,Y,Y,N,N,,,,,,
C125892.json,2,0,0,0,0,0,0,0,0,0,1,Y,N,Y,"빠따 좀 치고, 공 좀 던진다고 팬들을 ''호구'''로 보는 저것들 태도부터가 문제다. 프로면 프로답게 매 경기 최선을 다해라.","빠따 좀 치고, 공 좀 던진다고 팬들을 호구로 보는 저것들 태도부터가 문제다. 프로면 프로답게 매 경기 최선을 다해라.",N,Y,N,N,N,N,N,N,N,Y
C066924.json,2,0,0,0,0,0,0,0,0,2,0,Y,Y,Y,''윤짜장''' ''끝났'''네 ㅉㅉ,''윤짜장''' 끝났네 ㅉㅉ,Y,Y,N,N,,,,,,
C089551.json,1,0,0,0,0,0,0,0,0,2,0,Y,Y,Y,정말 이정부는 ''공산'''''독재'''나 다름없네 꼭바꾸어야,정말 이''정부'''는 공산독재나 다름없네 꼭바꾸어야,Y,Y,N,N,,,,,,
C000685.json,1,0,0,0,0,0,0,0,0,1,0,Y,Y,N,#@이름#이  정권 장악할라고 바이러스 만들었을까?하늘이 알고 땅이 알지어다..,''#@이름#'''이  정권 장악할라고 바이러스 만들었을까?하늘이 알고 땅이 알지어다..,Y,Y,N,N,,,,,,
C021203.json,2,0,0,0,0,0,1,0,0,0,0,Y,Y,Y,"사면령이 내려졌다고 하지만 정권 장악 후 서서히 골라내서 ''처형'''할 가능성 높음...''킬릴필드'''..중공..베트남....인간이 만들어낸 사상이 총칼보다 더 무서움...한쪽에 기울면 반대쪽은 ''죽어'''야 됨 ,,,그게 전쟁임","사면령이 내려졌다고 하지만 정권 장악 후 서서히 골라내서 처형할 가능성 높음...킬릴필드..''중공'''..''베트남'''....''인간이 만들어낸 사상'''이 총칼보다 더 무서움...한쪽에 기울면 반대쪽은 죽어야 됨 ,,,그게 전쟁임",,Y,N,N,Y,,,,,
C036455.json,2,0,0,0,0,0,0,0,0,0,0,Y,Y,Y,이건은 #@이름#가 발표했어야지. 축배에 빠져 ''세상''' ''모르'''고 산다고,이건은 ''#@이름#'''가 발표했어야지. 축배에 빠져 세상 모르고 산다고,,N,N,Y,,,,,,
C011624.json,2,0,0,0,0,0,2,0,0,0,0,Y,Y,Y,"호주, 대만, 이스라엘이 자기네 나라는 코로나에서 완전 종식된 거 처럼 자랑하더니,, 역대급 감염병인데,, 잘난체 하다가 ''꼴좋'''구만,,","''호주''', ''대만''', ''이스라엘'''이 자기네 나라는 코로나에서 완전 종식된 거 처럼 자랑하더니,, 역대급 감염병인데,, 잘난체 하다가 꼴좋구만,,",,Y,N,N,Y,,,,,
C164775.json,2,1,0,0,0,0,0,0,0,0,0,Y,Y,Y,어 너 #@이름# 때문에 진다. 왜 간첩 검거에 입다물고 있나?어의 정체성은 뭐냐? X''넘''',어 너 ''#@이름#''' 때문에 진다. 왜 간첩 검거에 입다물고 있나?어의 정체성은 뭐냐? X넘,,N,N,Y,,,,,,
C168558.json,1,0,0,0,0,0,0,0,0,2,0,Y,Y,Y,공자님이라 해도 정부를 비판하는 것은 예의에 어긋나지 않는다. ''꼴값'''을 떨고 있어. 국민을 배반한 너네 청와대 더불어공산당은 반역자들이다.,공자님이라 해도 ''정부'''를 비판하는 것은 예의에 어긋나지 않는다. 꼴값을 떨고 있어. 국민을 배반한 너네 ''청와대 더불어공산당'''은 반역자들이다.,Y,Y,N,N,,,,,,
C006214.json,1,0,0,0,0,0,0,0,0,0,0,Y,Y,Y,#@이름#''돼지'''. 니꺼부터 내놔,''#@이름#'''돼지. 니꺼부터 내놔,,N,N,Y,,,,,,
C088436.json,1,0,0,0,0,0,0,0,0,0,0,Y,Y,Y,자기 서울시장 후보 되려고 합당 얘기 하더니 그게 다 ''자기 뽑히려고''' 한거였구만. 자기가 선언했으면 끝까지 책임져야지 뭐하는 ''짓'''이냐. 그러니 정치적으로 인정을 ''못 받는거다.''',자기 ''서울시장 후보''' 되려고 합당 얘기 하더니 그게 다 자기 뽑히려고 한거였구만. 자기가 선언했으면 끝까지 책임져야지 뭐하는 짓이냐. 그러니 정치적으로 인정을 못 받는거다.,,Y,N,N,,,,,,
C093995.json,2,3,0,0,0,0,0,0,0,0,0,Y,Y,Y,남이 차린상에 ''숫가락''' ''질''' ''전문가''' #@이름#야 ''잠'''이나 ''쳐''' ''자'''는 것이 백신구매에 도움이 된다고 생각해 본 적은 없니?,남이 차린상에 숫가락 질 전문가 ''#@이름#'''야 잠이나 쳐 자는 것이 백신구매에 도움이 된다고 생각해 본 적은 없니?,,N,N,Y,,,,,,
C125148.json,1,0,0,0,0,0,0,0,0,2,0,Y,Y,Y,저꼴을 보면 나라를 지킨 #@이름#.#@이름# 대통령의 위대함을 모르는자 ''빨갱이'''다!선자는 건국의 아버지이며 후자는 경제발전의 아버지다! 이또한 부정하는자 ''빨갱이'''다!,저꼴을 보면 나라를 지킨 #@이름#.#@이름# 대통령의 위대함을 모르는자 ''빨갱이'''다!선자는 건국의 아버지이며 후자는 경제발전의 아버지다! 이또한 부정하는자 ''빨갱이'''다!,Y,Y,N,N,,,,,,
C074870.json,1,0,0,0,0,0,0,0,0,2,0,Y,Y,Y,"뭔 소리야, 그럼 그 당시 쏘련 #@이름#는 자유우방? ''ㄱ같'''은 소리다.온 나라를 이념으로 갈라치면, ''북괴'''도, ''장깨'''도,#@이름#도 ''좌빠'''편이니까 그러는가? 국민들이 속지않는다. 선전 선동에 정신 차려야한다. 이 나라를 다시 사회주의 공산 국가로 덮으려하나? 어림없다. 국민들은 디시는 안 속는디ㅡ.
","뭔 소리야, 그럼 그 당시 쏘련 #@이름#는 자유우방? ㄱ같은 소리다.온 나라를 이념으로 갈라치면, 북괴도, 장깨도,#@이름#도 좌빠편이니까 그러는가? 국민들이 속지않는다. 선전 선동에 정신 차려야한다. 이 나라를 다시 사회주의 공산 국가로 덮으려하나? 어림없다. 국민들은 디시는 안 속는디ㅡ.
",Y,Y,N,N,,,,,,
C119812.json,1,0,0,0,0,0,1,0,0,0,0,Y,Y,Y,저건맞아. 일본애랑 중국애 ''되도않'''는 영어욕 써가며 미국대학교 도서관에서 싸우고 온 얘기를 직접 들었음. 내가 중재함.,저건맞아. ''일본애'''랑 ''중국애''' 되도않는 영어욕 써가며 미국대학교 도서관에서 싸우고 온 얘기를 직접 들었음. 내가 중재함.,,Y,N,N,Y,,,,,
C046971.json,1,0,0,0,0,0,0,0,0,0,1,Y,Y,Y,대한민국에서 제일 ''썩은''' 집단은 검찰이다자기들 잘못은 전부 모르쇠다,대한민국에서 제일 썩은 집단은 ''검찰'''이다자기들 잘못은 전부 모르쇠다,,Y,N,N,,,,,,Y
C167802.json,2,1,0,1,0,0,0,0,0,0,0,Y,N,Y,그닌깐 ''느이'''들이 되''늠'''한테 ''줘터져'''도 ''기자''' ''찍소리'''도 못하능겨,그닌깐 느이들이 되늠한테 줘터져도 [기자]  찍소리도 못하능겨,N,N,Y,N,N,N,N,N,N,N
C066832.json,1,1,0,0,0,0,0,0,0,0,1,Y,Y,Y,''개소리'''도 가지가지 하네 대북상대는 국정원과청와대 안보실에서 해왔고 통일부가 하는 북한주민들이 전혀 혜택못받는 대북지원사업 같이 쓰잘때기없는일 하는 부처는 폐지해야지,개소리도 가지가지 하네 대북상대는 국정원과청와대 안보실에서 해왔고 ''통일부'''가 하는 북한주민들이 전혀 혜택못받는 대북지원사업 같이 쓰잘때기없는일 하는 부처는 폐지해야지,,Y,N,N,,,,,,Y
C017277.json,1,0,0,0,0,0,2,0,0,0,0,Y,Y,Y,''깜둥이'''가 울면? 흑흑흑 ㅋㅋ,''깜둥이'''가 울면? 흑흑흑 ㅋㅋ,,Y,N,N,Y,,,,,
C017308.json,2,0,0,1,0,0,0,0,0,0,0,Y,N,Y,깔끔하게 ''자결'''이 모냥새가 낫지 않겠냐,깔끔하게 자결이 모냥새가 낫지 않겠냐,N,N,N,N,N,N,N,N,N,N
C105225.json,1,0,0,0,0,0,1,0,0,0,0,Y,Y,N,크... 일본의 헝그리 정신 보고 배웁시다,크... ''일본'''의 헝그리 정신 보고 배웁시다,,Y,N,N,Y,,,,,
C004840.json,1,0,0,0,0,0,0,0,0,2,0,Y,Y,N,여긴*차접종하는대 문씨뭐하는겨 전화한통이면 잘하자나 전화한통으로 2천만명분도 해결하는 신적인능력을보여봐,여긴*차접종하는대 ''문씨'''뭐하는겨 전화한통이면 잘하자나 전화한통으로 2천만명분도 해결하는 신적인능력을보여봐,Y,Y,N,N,,,,,,
C036780.json,2,0,0,0,0,2,0,0,0,2,0,Y,Y,Y,댓글 연령대 비율봐라 ㅋㅋㅋ 10대~30대 합쳐서 20프로도 안되는데 40대~60대 ''노1인네'''들 댓글 비율이 무려 70프로가 넘음ㅋㅋㅋㅋㅋㅋ추천 많이 받은 댓글 보면 죄다 박그네 찬양 댓글밖에 없음ㅋㅋㅋㅋㅋㅋㅋㅋㅋㅋㅋㅋㅋㅋㅋㅋㅋㅋ역시 ''박사모''' ''노2인네'''들이 네이버에서 여론 주작하고 있었던거였음ㅋㅋㅋㅋㅋㅋㅋㅋㅋㅋㅋㅋㅋㅋㅋㅋㅋㅋㅋㅋㅋ역시 나의 말이 맞았어 ㅋㅋ 여론 주작하고 다니는건 ''박사모''' ''노1인네'''들 이었구요~~~~~~~~~~~~~~~~낄낄낄 평생 닭발이나 빨아라 ~~~~~~~~~~~~~~~~~~~~~~~~~~~~~~~~~~~~~~~~~~,댓글 연령대 비율봐라 ㅋㅋㅋ 10대~30대 합쳐서 20프로도 안되는데 40대~60대 ''노1인네'''들 댓글 비율이 무려 70프로가 넘음ㅋㅋㅋㅋㅋㅋ추천 많이 받은 댓글 보면 죄다 ''박그네''' 찬양 댓글밖에 없음ㅋㅋㅋㅋㅋㅋㅋㅋㅋㅋㅋㅋㅋㅋㅋㅋㅋㅋ역시 ''박사모''' 노2인네들이 네이버에서 여론 주작하고 있었던거였음ㅋㅋㅋㅋㅋㅋㅋㅋㅋㅋㅋㅋㅋㅋㅋㅋㅋㅋㅋㅋㅋ역시 나의 말이 맞았어 ㅋㅋ 여론 주작하고 다니는건 박사모 노1인네들 이었구요~~~~~~~~~~~~~~~~낄낄낄 평생 닭발이나 빨아라 ~~~~~~~~~~~~~~~~~~~~~~~~~~~~~~~~~~~~~~~~~~,Y,Y,N,Y,,,Y,,,
C046611.json,1,1,0,0,0,1,0,0,0,0,0,Y,N,Y,어린''ㅅ@ㄲ@'''가 입만 살아서는,어린ㅅ@ㄲ@가 입만 살아서는,N,Y,N,N,N,N,Y,N,N,N
C155127.json,1,1,0,0,0,0,0,0,0,0,0,Y,Y,Y,태극기 흔든 사람들은 ''살인자'''고 민노총 저런 ''놈'''들은 머냐 광화문 촛불 시위 주도해서 #@이름# 청와대 입성시킨 혁명군이냐? 참 가지가지 한다,태극기 흔든 사람들은 살인자고 ''민노총''' 저런 놈들은 머냐 광화문 촛불 시위 주도해서 #@이름# 청와대 입성시킨 혁명군이냐? 참 가지가지 한다,,N,Y,N,,,,,,
C078739.json,1,0,0,0,0,0,0,0,0,1,0,Y,Y,Y,역시나 ''딴나라당'''은 ''발목'''''잡'''아 ''딴지'''''거'''는데는 세계 최고야. 일단 무조건 \반대\ 부터 한다는 !,역시나 ''딴나라당'''은 발목잡아 딴지거는데는 세계 최고야. 일단 무조건 \반대\ 부터 한다는 !,Y,Y,N,N,,,,,,
C053946.json,2,0,0,0,0,0,0,0,0,0,0,Y,Y,Y,티비조선은 ''돈벌이'''에 ''눈'''이 ''멀'''었군요 탑* 계약 볼모로 혹사시키더니 터질게 터졌네요가수들  쫌 대우해 줘라  #@이름#님 빠른 꽤차하시길 바래요,''티비조선'''은 돈벌이에 눈이 멀었군요 탑* 계약 볼모로 혹사시키더니 터질게 터졌네요가수들  쫌 대우해 줘라  #@이름#님 빠른 꽤차하시길 바래요,,N,N,Y,,,,,,
C097025.json,2,0,0,0,0,0,3,0,0,0,0,Y,Y,Y,진짜 ''정신병자''' 뿐이냐 ''니뽄'''?,진짜 정신병자 뿐이냐 ''니뽄'''?,,Y,N,N,Y,,,,,
C118316.json,2,1,0,0,0,0,0,0,0,0,0,Y,Y,Y,"담대선엔 진짜 대통령잘뽑아야됩니다! 대통령한명이 나라 안보,경제 다 ''말아먹'''고있네요!","담대선엔 진짜 대통령잘뽑아야됩니다! ''대통령'''한명이 나라 안보,경제 다 말아먹고있네요!",,N,N,Y,,,,,,
C021872.json,0,0,0,2,0,0,0,0,0,0,0,Y,Y,Y,''대가리가 깨져'''야되 #@이름#는,대가리가 깨져야되 ''#@이름#'''는,,N,N,Y,,,,,,
C174893.json,1,0,0,0,0,0,0,0,0,0,2,Y,Y,Y,가재는 게편이라고 ''검새'''들이라고 무조건 편드네. ''검새승천기'''다 이거지.,가재는 게편이라고 ''검새'''들이라고 무조건 편드네. ''검새'''승천기다 이거지.,,Y,N,N,,,,,,Y
C091168.json,1,1,1,0,0,0,0,0,0,1,1,Y,Y,Y,"골프채는 빌렸는데, 집에 보관하고 있었고, 민주당이 티조 ''돼지'''앵커랑 논설위원을 회유하려했다? 이것들이 국민을 진짜 ''개돼지'''로 보고있네, 니들은 진짜 뜨거운 맛 좀 봐야된다. 아내의 ''맛''' 말고 뜨거운 맛 ㅋㅋㅋㅋ","골프채는 빌렸는데, 집에 보관하고 있었고, ''민주당'''이 티조 돼지''앵커'''랑 논설위원을 회유하려했다? 이것들이 ''국민'''을 진짜 개돼지로 보고있네, 니들은 진짜 뜨거운 맛 좀 봐야된다. ''아내'''의 맛 말고 뜨거운 맛 ㅋㅋㅋㅋ",Y,N,Y,Y,,,,,,Y
C166819.json,2,0,0,0,0,0,0,0,0,0,0,Y,Y,Y,"내가 관상좀 보는데 민주당에서 #@이름#은 ''간신배''' 스타일이고..#@이름#은 ''양이치''' ''비열'''한 스타일이다..너네 둘은 대통감 아니다. 나라 ''망친'''다.#@이름#은 ''좀스럽'''게 보이고 #@이름#는 ''사악해'''보인다..#@이름#이 그중 돋 보이는듯...
","내가 관상좀 보는데 민주당에서 ''#@이름#'''은 간신배 스타일이고..''#@이름#'''은 양이치 비열한 스타일이다..너네 둘은 대통감 아니다. 나라 망친다.#@이름#은 좀스럽게 보이고 #@이름#는 사악해보인다..#@이름#이 그중 돋 보이는듯...
",,N,N,Y,,,,,,
C138190.json,3,2,0,0,0,0,0,0,0,0,3,Y,Y,Y,이것들은 기자가 아니라 거대한 범죄자 집단임. 채널A기자사건도 MBC기자가 거짓으로 엮은거자나.과연 ''뇌송송''' ''구멍탁''' 명불허전 ''광우뻥''' 방송국 어디가나? ㅉㅉ,이것들은 ''기자'''가 아니라 거대한 범죄자 집단임. 채널A기자사건도 ''MBC기자'''가 거짓으로 엮은거자나.과연 뇌송송 구멍탁 명불허전 광우뻥 방송국 어디가나? ㅉㅉ,,Y,N,N,,,,,,Y
C084437.json,1,0,0,0,0,0,0,0,0,1,0,Y,Y,N,다시는 좌파 대통령 좌파 집권여당 보지 맙시다,다시는 ''좌파''' ''대통령''' ''좌파''' ''집권여당''' 보지 맙시다,Y,Y,N,N,,,,,,
C099643.json,2,0,0,0,0,0,0,0,0,2,0,Y,Y,Y,Mbc는 ''더듬이당'''과 함께 없어져야 할 ''쓰레기''',''Mbc'''는 ''더듬이당'''과 함께 없어져야 할 쓰레기,Y,Y,N,Y,,,,,,
C095743.json,0,0,0,0,0,0,0,0,0,0,1,Y,Y,N,#@이름#에겐 안좋겠지..그동안 기레기들이 검찰과 꼴라보하는 모습을 많이 보여줬으니까.,#@이름#에겐 안좋겠지..그동안 ''기레기'''들이 검찰과 꼴라보하는 모습을 많이 보여줬으니까.,,Y,N,N,,,,,,Y
C163293.json,1,0,0,0,0,0,0,0,0,1,0,Y,N,Y,정말 ''더티'''하다..정치는 없고 공작만 하는구나,정말 더티하다..정치는 없고 공작만 하는구나,Y,N,N,N,N,N,N,N,N,N
C026367.json,1,2,0,0,0,0,0,0,0,0,0,Y,Y,Y,"#@이름#이 저 최악의 ''무능한 것'''이 일본에 다시는 지지않겠다라고 했지. 그말이 곧 진거란다 ''소대갈통'''아, 선지 센다.","''#@이름#'''이 저 최악의 무능한 것이 일본에 다시는 지지않겠다라고 했지. 그말이 곧 진거란다 소대갈통아, 선지 센다.",,N,N,Y,,,,,,
C122163.json,1,0,0,0,0,0,0,0,0,0,0,Y,Y,Y,''왜구''' 입까지 빌려서 ''#@이름# #@이름#'''을 ''생매장'''을 시키려하는구나 확인되지 않은 어린시절 장난으로 이렇게까지 해야하나 그렇게 ''악랄한''' 마음가짐으로 올림픽 4강이 무슨의미가 있나,왜구 입까지 빌려서 ''#@이름# #@이름#'''을 생매장을 시키려하는구나 확인되지 않은 어린시절 장난으로 이렇게까지 해야하나 그렇게 악랄한 마음가짐으로 올림픽 4강이 무슨의미가 있나,,N,N,Y,,,,,,
C130348.json,2,0,0,0,0,0,0,0,0,0,0,Y,Y,Y,늙은''아재'''분들 자중좀하세요,늙은''아재'''분들 자중좀하세요,,N,N,Y,,,,,,
C175900.json,1,0,0,0,0,0,0,0,0,1,0,Y,Y,Y,#@이름#씨는 #@이름#.#@이름#영화배우와 총각행세 ''불륜'''남. ''공갈협박'''했다던데. #@이름#씨 대통령후보 아웃시켜야 된다. 더불어민주당 대통령후보는 #@이름#이다.더불어민주당 **대 대통령후보 #@이름#이다,''#@이름#'''씨는 #@이름#.#@이름#영화배우와 총각행세 불륜남. 공갈협박했다던데. ''#@이름#'''씨 대통령후보 아웃시켜야 된다. 더불어민주당 대통령후보는 #@이름#이다.더불어민주당 **대 대통령후보 #@이름#이다,Y,Y,N,N,,,,,,
C103382.json,2,1,0,0,0,0,1,0,0,0,0,Y,Y,Y,진짜 야비한 인간들 의료보험혜택 같은 것은 받고 싶고 병역의무 이런 것은 빠져 나가고 싶고 전형적인 일본 ''놈''' 같은 사람이다 당신은,진짜 야비한 인간들 의료보험혜택 같은 것은 받고 싶고 병역의무 이런 것은 빠져 나가고 싶고 전형적인 ''일본''' 놈 같은 사람이다 당신은,,Y,N,N,Y,,,,,
C120447.json,1,0,0,0,1,0,0,0,0,0,0,Y,N,N,트랜스젠더는 인정해도 이건 못참는다. 애초에 원래부터 여자였던 사람들이랑 골격부터 완전 다르잖아?,트랜스젠더는 인정해도 이건 못참는다. 애초에 원래부터 여자였던 사람들이랑 골격부터 완전 다르잖아?,N,Y,N,N,N,Y,N,N,N,N
C117845.json,1,0,0,0,0,0,1,0,1,0,0,Y,N,N,신장을 탄압하는 탈레반이 가만있겠음??일단은 정부접수가 우선이고 안정되면 내가 보기엔 백퍼 신장 이슬람 몰래 지원한다고 본다,신장을 탄압하는 탈레반이 가만있겠음??일단은 정부접수가 우선이고 안정되면 내가 보기엔 백퍼 신장 이슬람 몰래 지원한다고 본다,N,Y,Y,N,Y,N,N,N,Y,N
C066814.json,2,0,0,0,0,0,0,0,0,0,0,Y,Y,Y,"코로나 안심론자들 집합체이고 자아자찬에 빠진 ''씨레기'''들이 이제야 잘못을 느끼는가....''한심하'''다, 계속해서 남의 흉이나 ''까발리'''는 팔푼이 행진 계속하지 왜 연기할려고 재미가 별루인가???","''코로나 안심론자'''들 집합체이고 자아자찬에 빠진 ''씨레기'''들이 이제야 잘못을 느끼는가....한심하다, 계속해서 남의 흉이나 까발리는 팔푼이 행진 계속하지 왜 연기할려고 재미가 별루인가???",,N,Y,N,,,,,,
C150030.json,2,0,0,0,0,0,0,0,0,2,0,Y,Y,Y,장모 아내 수사는 그렇다치고 #@이름# ''같'''은 ''흑색선전'''은 너무 ''유치'''함...그런 ''마타도어'''에 ''쉽'''게 ''선동'''되고 ''넘어가'''는 자들이 ''대깨문'''''되'''고 민주당 찍음,장모 아내 수사는 그렇다치고 ''#@이름#''' 같은 흑색선전은 너무 유치함...그런 마타도어에 쉽게 선동되고 넘어가는 자들이 ''대깨문'''되고 ''민주당''' 찍음,Y,Y,N,N,,,,,,
C137589.json,2,2,0,0,0,0,0,0,0,0,0,Y,Y,Y,뭐이런 ''개'''같은 논리가 다 있나. 미대갔다 법대 갔단 그 처자인가? 논리가 ''그지같'''네. 그 돈주고 그 호사 누렸으면 손해는 안본거지,뭐이런 개같은 논리가 다 있나. ''미대갔다 법대 갔단 그 처자'''인가? 논리가 그지같네. 그 돈주고 그 호사 누렸으면 손해는 안본거지,,N,N,Y,,,,,,
C100073.json,2,1,0,0,0,0,0,0,0,2,0,Y,Y,Y,극우가 무슨 뜻인지 알고  기사를 쓰는건가? 댓글 다시는 분들 극우가 뭔지 아세요?  ''좌빨'''들이 우파가 집회만 하면 극우라고 이''GR'''  프레임 씌워서  ''매도'''시키는데 극우는 진짜 거친 폭력집단입니다 방화 ''총질'''  이정도는 해야 극우라고 하는겁니다,극우가 무슨 뜻인지 알고  기사를 쓰는건가? 댓글 다시는 분들 극우가 뭔지 아세요?  ''좌빨'''들이 우파가 집회만 하면 극우라고 이GR  프레임 씌워서  매도시키는데 극우는 진짜 거친 폭력집단입니다 방화 총질  이정도는 해야 극우라고 하는겁니다,Y,Y,N,N,,,,,,
C192208.json,1,0,0,0,0,0,0,0,0,0,0,Y,Y,Y,고인팔이? 와 진짜 세상에 지능 이상한 애들이 많구나 ㅋㅋㅋ,고인팔이? 와 진짜 세상에 ''지능 이상한 애'''들이 많구나 ㅋㅋㅋ,,N,Y,N,,,,,,
C029918.json,2,0,0,0,0,0,2,0,0,0,0,Y,Y,Y,별 ''실망스럽'''지도 않구만 ''짜요'''들 국민''수준이 딱 그 정도'''인줄 몰랐던 사람 있었나요 ㅋㅋ,별 실망스럽지도 않구만 ''짜요'''들 국민수준이 딱 그 정도인줄 몰랐던 사람 있었나요 ㅋㅋ,,Y,N,N,Y,,,,,
C143461.json,2,0,0,0,0,0,0,0,0,2,0,Y,Y,Y,''문 죄인''' 식 적패 개혁 이랑깨 태극기는 안돼고 잉 ~~,''문 죄인''' 식 적패 개혁 이랑깨 태극기는 안돼고 잉 ~~,Y,Y,N,N,,,,,,
C093058.json,2,2,0,0,0,0,0,0,0,2,0,Y,Y,Y,여기서 ㅋㅋㅋㅋ 친일파 타령하는인간들아 ㅋㅋㅋ 우짜피 여야다 친일파 세상이다 ㅋㅋㅋㅋㅋㅋㅋㅋㅋ 어디한쪽만 친일파고 토종 한국인 이겟냐 ㅋㅋㅋㅋ 여야 다 ''도찐개찐'''들인디 ㅋㅋㅋ 누가 더 ''드럽'''냐겟지 조사해봐라 얼마나 ''존나''' ''드러'''운지 궁금하긴하다 친일파 타령은 ''작작하'''고 여야든 친일파들 ''존나''' 많은건 사실이니깐 ''입'''''다물'''고 잇어라,여기서 ㅋㅋㅋㅋ ''친일파 타령하는인간'''들아 ㅋㅋㅋ 우짜피 여야다 ''친일파''' 세상이다 ㅋㅋㅋㅋㅋㅋㅋㅋㅋ 어디한쪽만 ''친일파'''고 토종 한국인 이겟냐 ㅋㅋㅋㅋ ''여야''' 다 도찐개찐들인디 ㅋㅋㅋ 누가 더 드럽냐겟지 조사해봐라 얼마나 존나 드러운지 궁금하긴하다 ''친일파''' 타령은 작작하고 ''여야'''든 ''친일파'''들 존나 많은건 사실이니깐 입다물고 잇어라,Y,Y,Y,N,,,,,,
C097882.json,3,1,0,0,0,0,3,0,0,0,0,Y,Y,Y,지금은 ''왜놈'''들이 설쳐도 무섭지 않다. 키도 작고 글자도 한글보다 현저히 열등한 문자를 쓰는 ''왜놈'''들 가볍게 ''무시'''해 준다.,지금은 ''왜놈'''들이 설쳐도 무섭지 않다. 키도 작고 글자도 한글보다 현저히 열등한 문자를 쓰는 ''왜놈'''들 가볍게 무시해 준다.,,Y,N,N,Y,,,,,
C076219.json,1,1,0,0,0,0,0,0,0,0,0,Y,Y,Y,다른 ''넘'''들은 ''쇼라도 해'''봐라. 국민 생각은 눈꼽만큼도못하는것들이,''다른 넘'''들은 쇼라도 해봐라. 국민 생각은 눈꼽만큼도못하는것들이,,N,Y,N,,,,,,
C121918.json,2,2,0,0,0,0,1,1,0,0,0,Y,Y,Y,"''코로나 원흉''' ''짱깨'''들아 ''아닥'''해라 ''드러운 놈'''들아
","코로나 원흉 ''짱깨'''들아 아닥해라 드러운 놈들아
",,Y,N,N,Y,,,Y,,
C188096.json,1,0,0,0,0,0,0,0,0,2,0,Y,Y,Y,전통적으로... 갤럽조사는 보수에게 유리하게 나옴 ...''수꼴집권''' 날샜다 ㅋ,전통적으로... 갤럽조사는 ''보수'''에게 유리하게 나옴 ...''수꼴집권''' 날샜다 ㅋ,Y,Y,N,N,,,,,,
C054495.json,2,2,0,0,0,0,0,0,0,0,2,Y,Y,Y,"''악마'''같은 ''시키'''들.,..''무능하'''고 게으른 경찰..,아이가 얼마나 아프고두려웠을까..아.,.화난다..
","악마같은 시키들.,..무능하고 게으른 ''경찰'''..,아이가 얼마나 아프고두려웠을까..아.,.화난다..
",,Y,N,N,,,,,,Y
C042752.json,1,2,0,0,0,0,1,0,0,1,0,Y,Y,Y,북에 얼마나 저자세이면 국민이 총살당하고 불태워졌는데 사생활 꺼내들고 월북했다고 ''개죽음''' 만들었다 이게 나라냐 ''조폭'''에게 ''무릎꿇고''' ''기어다닌''' ''#@이름#''' 4년 대한민국은 ''양아치''' 천국이됬다,''북'''에 얼마나 저자세이면 국민이 총살당하고 불태워졌는데 사생활 꺼내들고 월북했다고 개죽음 만들었다 이게 ''나라'''냐 ''조폭'''에게 무릎꿇고 기어다닌 ''#@이름#''' 4년 ''대한민국'''은 ''양아치''' 천국이됬다,Y,Y,N,Y,Y,,,,,
C122379.json,2,0,0,0,0,0,0,0,0,0,0,Y,Y,Y,나라를 떠나 인간적으로 그 나이에 수준이 ''참'''...여기까지,나라를 떠나 인간적으로 그 나이에 수준이 참...여기까지,,N,N,Y,,,,,,
C194070.json,1,0,0,0,0,0,0,0,0,0,0,Y,Y,Y,매니저보려고 보는프로인데 매니저가 개성도없고 웃기지도않고... #@이름#혼자 다하는거같음..,''매니저'''보려고 보는프로인데 ''매니저'''가 개성도없고 웃기지도않고... #@이름#혼자 다하는거같음..,,N,N,Y,,,,,,
C059363.json,1,0,0,0,0,0,0,0,0,1,0,Y,Y,N,이렇게 역대급으로 더운데 탈원전한 대가로 전력 부족을 에어컨 꺼서 넘기려고 하는 정부가 있다?,이렇게 역대급으로 더운데 탈원전한 대가로 전력 부족을 에어컨 꺼서 넘기려고 하는 ''정부'''가 있다?,Y,Y,N,N,,,,,,
C112780.json,1,1,0,0,0,0,0,0,0,1,0,Y,Y,Y,북한이 우리원전 기밀시설 두루 해킹한 큰사건이 벌어졌는데도.... #@이름#과 민주당은 침묵하고  네이버 메인에는 며칠내내 #@이름#이 많이 자라서  사료먹을 정도크기인  풍산개한테... 아기들 우유병에 젖먹이는 '쇼' 사진으로 도배를 했었음.  정말 중요하고 국민들이 알아야할 엄청난건  숨기고  북한 ''개'''갖고 쇼나하고 자빠진게 대통령임? ...... 그딴 사진으로 국민들 안전불감증 안보파괴에 일조나 하고  참담함... 저사진 보면 한국이 위태로운에 국민들 속이고 쇼하고  자빠진 #@이름# 생각남,북한이 우리원전 기밀시설 두루 해킹한 큰사건이 벌어졌는데도.... ''#@이름#'''과 민주당은 침묵하고  네이버 메인에는 며칠내내 #@이름#'''이 많이 자라서  사료먹을 정도크기인  풍산개한테... 아기들 우유병에 젖먹이는 '쇼' 사진으로 도배를 했었음.  정말 중요하고 국민들이 알아야할 엄청난건  숨기고  북한 개갖고 쇼나하고 자빠진게 ''대통령'''임? ...... 그딴 사진으로 국민들 안전불감증 안보파괴에 일조나 하고  참담함... 저사진 보면 한국이 위태로운에 국민들 속이고 쇼하고  자빠진'' #@이름#''' 생각남,Y,Y,N,Y,,,,,,
C126262.json,1,0,0,0,0,0,0,0,0,2,0,Y,Y,N,"메달 많이 따서 여론 좋다며. #@이름#는 땜빵이었고, #@이름#가 또 겨 나올 준비한다며. 올림픽에도 참석안한 #@이름#가 겨나와도 일본은 #@이름#를 또 찍을거고. 역시나 #@이름#는 또 한국  떼리기에 몰두할거고. #@이름#나 #@이름#는 한국없으면 정권 유지 못하는건 예나 지금이나 일본의 정권유지 스탈이니까. 국짐당이 반공을 외치며 북한을 국짐당의 존재 이유로 유지시킬려고 하는거랑 같지","메달 많이 따서 여론 좋다며. #@이름#는 땜빵이었고, #@이름#가 또 겨 나올 준비한다며. 올림픽에도 참석안한 #@이름#가 겨나와도 일본은 #@이름#를 또 찍을거고. 역시나 #@이름#는 또 한국 떼리기에 몰두할거고. #@이름#나 #@이름#는 한국없으면 정권 유지 못하는건 예나 지금이나 일본의 정권유지 스탈이니까. ''국짐당'''이 반공을 외치며 북한을 ''국짐당'''의 존재 이유로 유지시킬려고 하는거랑 같지
",Y,Y,N,N,,,,,,
C076969.json,2,0,0,0,0,0,0,1,0,2,0,Y,Y,Y,그래도 델타변이 ''죄석열'''보다는 낫다ㅠㅠ,그래도 ''델타변이''' ''죄석열'''보다는 낫다ㅠㅠ,Y,Y,N,N,,,,Y,,
C129845.json,1,2,0,0,0,0,0,0,0,0,0,Y,Y,Y,"일반인들 중 공시, 선약, 자급제 세개놓고 월요금 계산기 두드리면 답나오는데도 귀찮다고 안하면 그냥 ''호구'''되야지.. 기사에 나오는 ''악질'''''폰팔이'''는 다시는 동종업계 못들어오게 하고 부당이익 환수, 사기죄로 ''큰집''' 좀 갔으면 좋겠다.","일반인들 중 공시, 선약, 자급제 세개놓고 월요금 계산기 두드리면 답나오는데도 귀찮다고 안하면 그냥 호구되야지.. 기사에 나오는 악질''폰팔이'''는 다시는 동종업계 못들어오게 하고 부당이익 환수, 사기죄로 큰집 좀 갔으면 좋겠다.",,N,N,Y,,,,,,
C183288.json,2,1,0,0,0,0,0,0,0,0,0,Y,Y,Y,"#@이름# 이런 OOO을 봤나 이런 인간들이 민주화 운동하던 인사들을 도매금으로 비판 받게 만드는 것들. 마치 성추문에 돈에 ''미친''' 목사들이 대다수의 순수한 목사들을 욕되게 하듯..
","''#@이름#''' 이런 OOO을 봤나 이런 인간들이 민주화 운동하던 인사들을 도매금으로 비판 받게 만드는 것들. 마치 ''성추문에 돈에 미친 목사'''들이 대다수의 순수한 목사들을 욕되게 하듯..
",,N,Y,Y,,,,,,
C162967.json,2,0,0,0,0,0,0,0,0,0,0,Y,Y,Y,"귀족 자가 붙어 있지만 노조 는 노조다.서민코스프레 보다 독해력을 키워라, ''망둥'''아","귀족 자가 붙어 있지만 ''노조''' 는 ''노조'''다.서민코스프레 보다 독해력을 키워라, 망둥아",,N,Y,N,,,,,,
C115051.json,2,0,0,0,0,2,0,0,0,0,0,Y,N,Y,"5,60대가 70프로 넘는 ㅋㅋㅋㅋㅋㅋ 남들 다 일하는 시간에 하루종일 ''루저'''처럼 ㅋㅋ ''벌레'''만도 ''못한것'''들","5,60대가 70프로 넘는 ㅋㅋㅋㅋㅋㅋ 남들 다 일하는 시간에 하루종일 루저처럼 ㅋㅋ 벌레만도 못한것들",N,Y,N,N,N,N,Y,N,N,N
C082581.json,1,0,0,0,0,0,0,0,0,2,0,Y,Y,Y,"#@이름#도 참 살얼음판 걷고 있겠다. #@이름#이나 문''빠'''들에게 아부하려니, 국민들에게 신임을 잃고, 문''빠'''들을 버리려니 민주당내 대선 경선에서 불리해질까 두렵고.. 만약 그런 어려운 다 겪고 이겨내서 어렵게 후보가 되어 봤자, 개인 지지율은 높을 지 모르나, 정권교체의 여론은 훨씬 높고.. 결국 애만 쓰다, 경기도 도지사 자리마저 물러나고 민주당에서는 버림받고, 야인이 되어 #@이름#과 법정다툼이나 할 가능성만 남겠다..","#@이름#도 참 살얼음판 걷고 있겠다. #@이름#이나 ''문빠'''들에게 아부하려니, 국민들에게 신임을 잃고, ''문빠'''들을 버리려니 민주당내 대선 경선에서 불리해질까 두렵고.. 만약 그런 어려운 다 겪고 이겨내서 어렵게 후보가 되어 봤자, 개인 지지율은 높을 지 모르나, 정권교체의 여론은 훨씬 높고.. 결국 애만 쓰다, 경기도 도지사 자리마저 물러나고 민주당에서는 버림받고, 야인이 되어 #@이름#과 법정다툼이나 할 가능성만 남겠다..",Y,Y,N,N,,,,,,
C166338.json,1,0,0,0,0,0,0,0,0,0,0,Y,Y,Y,저런 ''머저리'''가 총리를 했으니 ㅋ,''저런 머저리'''가 총리를 했으니 ㅋ,,N,N,Y,,,,,,
C151150.json,2,0,0,0,0,0,0,0,0,2,0,Y,Y,Y,"
우리#@이름# 또신났네?ㅋㅋㅋㅋ ㅋㅋㅋㅋ 백신맞고 수백수천명 ''디졌음'''하는 니들바램이지?ㅋㅋㅋㅋ ㅋㅋㅋㅋ ㅋㅋㅋㅋ","
우리''#@이름#''' 또신났네?ㅋㅋㅋㅋ ㅋㅋㅋㅋ 백신맞고 수백수천명 디졌음하는 니들바램이지?ㅋㅋㅋㅋ ㅋㅋㅋㅋ ㅋㅋㅋㅋ",Y,Y,N,N,,,,,,
C139822.json,1,0,0,0,0,0,0,0,0,1,0,Y,Y,Y,문정부는 양파정부 까도까도 끝이없다..''지긋지긋''' ㅠ,''문정부'''는 양파정부 까도까도 끝이없다..지긋지긋 ㅠ,Y,Y,N,N,,,,,,
C176642.json,2,0,0,0,0,0,0,0,0,0,0,Y,Y,Y,"#@이름#이 인간성을 몰랐는가, 지기를 키워준 주군을 ''배반'''한 사람인데 나이 어린 당대표는 ''똘마니'''로 밖에 안 보이지
","''#@이름#'''이 인간성을 몰랐는가, 지기를 키워준 주군을 배반한 사람인데 나이 어린 당대표는 똘마니로 밖에 안 보이지
",,N,N,Y,,,,,,
C032020.json,2,2,0,0,0,0,0,0,0,0,0,Y,Y,Y,"''주댕이''' 털고 ''GR''' 한 ''넘''' 따로 있고, 집회한 민노총엔 꼼짝 못하고, 왜 죄없는 국민들은 온갖 불편을 다 겪어야 하냐? ''대깨''' 들은 빨리 한강으로 가라 ''DG'''러..너희는 살 필요 없다..","주댕이 털고 GR 한 넘 따로 있고, 집회한 민노총엔 꼼짝 못하고, 왜 죄없는 국민들은 온갖 불편을 다 겪어야 하냐? ''대깨''' 들은 빨리 한강으로 가라 DG러..너희는 살 필요 없다..",,N,Y,N,,,,,,
C019837.json,2,0,0,0,0,0,1,0,0,0,0,Y,Y,Y,자. 이제 신장지역의 ''핍박받'''는 동무들을 해방시켜야지?!,자. 이제 ''신장지역'''의 핍박받는 ''동무'''들을 해방시켜야지?!,,Y,N,N,Y,,,,,
C184816.json,1,0,0,0,0,0,2,0,0,3,0,Y,Y,Y,"''더불어공산당'''에 #@이름#이 그나마 경쟁력이 있지, 나머지는 다 합쳐도 안되잖아? 그래서 #@이름#이 괴로운 것이고. 다 끝났다.'' 좌빨 종북 더불어공산당'''. 국민의 선택은 #@이름#로 정권 교체.
","''더불어공산당'''에 #@이름#이 그나마 경쟁력이 있지, 나머지는 다 합쳐도 안되잖아? 그래서 #@이름#이 괴로운 것이고. 다 끝났다. ''좌빨 종북 더불어공산당'''. 국민의 선택은 #@이름#로 정권 교체.
",Y,Y,N,N,Y,,,,,
C033926.json,1,0,0,0,0,0,0,0,0,0,0,Y,Y,Y,ㅋㅋ''수준'''하고는...,ㅋㅋ수준하고는...,,N,N,Y,,,,,,
C075994.json,2,0,0,0,0,0,0,0,0,2,0,Y,Y,Y,이건 소명이고 뭐고없다~검찰 철저한수사들어가면 100%#@이름# ''감방가'''게되었있다~~''더렆'''은 ''짐당'''의 의원들,이건 소명이고 뭐고없다~검찰 철저한수사들어가면 100%#@이름# 감방가게되었있다~~더렆은 ''짐당의 의원'''들,Y,Y,N,N,,,,,,
C149373.json,0,2,0,0,0,0,0,0,0,0,0,Y,Y,Y,''미친'''. 조중동 ''폭망해'''라 ??,미친. ''조중동''' 폭망해라 ??,,N,N,Y,,,,,,
C049725.json,2,0,0,0,0,0,0,0,0,0,0,Y,Y,Y,이러면서 정부 욕하지. ''쓰레기'''들. ''일베스럽'''다.,이러면서 정부 욕하지. ''쓰레기'''들. 일베스럽다.,,N,Y,N,,,,,,
C125042.json,3,1,0,0,0,0,3,0,0,0,0,Y,Y,Y,''쪽바리''' ''넘'''들 이젠 갈때까지 갔구나 경제 ''폭망'''에 세계적으로 조용해진 나라... 발전도 없고 기술도 없고... 이제 슬슬 져물어 가는균.... ㄱ근데 나는 자꾸 우리가 저 일본의 전처를 밟아가는듯하여 우려 스렵다. ''쪽바리''' ''데스''' ''다이'''..,''쪽바리''' 넘들 이젠 갈때까지 갔구나 경제 폭망에 세계적으로 조용해진 나라... 발전도 없고 기술도 없고... 이제 슬슬 져물어 가는균.... ㄱ근데 나는 자꾸 우리가 저 일본의 전처를 밟아가는듯하여 우려 스렵다. ''쪽바리''' 데스 다이..,,Y,N,N,Y,,,,,
C051416.json,2,0,0,0,0,0,0,0,0,0,0,Y,Y,Y,진짜 ''안하무인'''..!!! 갑자기 ''짜증'''나는 연예인이 되버렸네...!!! 현상황에서 콘서트를 열생각을 하다니 ''정신'''이 ''없'''구먼.!!!! 답답하면 혼자서 해라 돈은 많잔아 #@이름#씨..!!!!,진짜 안하무인..!!! 갑자기 짜증나는 연예인이 되버렸네...!!! 현상황에서 콘서트를 열생각을 하다니 정신이 없구먼.!!!! 답답하면 혼자서 해라 돈은 많잔아 ''#@이름#'''씨..!!!!,,N,N,Y,,,,,,
C089100.json,1,0,0,0,0,0,0,0,0,0,1,Y,Y,Y,"각종 이유로 ''적경성'''에 문제가 많은 장관 등 후보자들을 여러 반대에도 불구하고 그냥 임명한 사례가 무척 많은 여당에서 SH공사 사장을 임명 철회하라고 할 얘기는 아니라 생각되네요~~
","각종 이유로 적경성에 문제가 많은 장관 등 후보자들을 여러 반대에도 불구하고 그냥 임명한 사례가 무척 많은 ''여당'''에서 SH공사 사장을 임명 철회하라고 할 얘기는 아니라 생각되네요~~
",,Y,N,N,,,,,,Y
C020432.json,1,0,0,0,0,0,2,0,0,0,0,Y,Y,Y,과속 사망으로 20년이 넘어? 우리는 음주에 사람 ''죽여'''도 합의되면 집유나 길어야 3년인데? 우리나라에서 재판받게 해달라 그래~ㅋㅋ,과속 사망으로 20년이 넘어? 우리는 음주에 사람 죽여도 합의되면 집유나 길어야 3년인데? ''우리나라'''에서 재판받게 해달라 그래~ㅋㅋ,,Y,N,N,Y,,,,,
C158652.json,2,0,0,0,2,0,0,0,0,0,0,Y,Y,Y,''페미'''탈출은 지능순아! 지능이 있으면 애초에 ''페미'''가 아니겠네,''페미'''탈출은 지능순아! 지능이 있으면 애초에 ''페미'''가 아니겠네,,Y,N,N,,Y,,,,
C157176.json,2,0,0,0,0,0,0,0,0,2,0,Y,Y,Y,"오전에핸폰으로하다 안돼 오후에하면 되겠지했는데 안되다뉴스보니 백신없어중단 ㅋ 장난하나 ''개뿔'''선진국 정부는이런거나 올인해라 잘못된 #@이름#공수처등에 힘빼지마라 #@이름#정권아 국민을위해라
","오전에핸폰으로하다 안돼 오후에하면 되겠지했는데 안되다뉴스보니 백신없어중단 ㅋ 장난하나 개뿔선진국 정부는이런거나 올인해라 잘못된 #@이름#공수처등에 힘빼지마라 #@이름#''정권'''아 국민을위해라
",Y,Y,N,N,,,,,,
C157601.json,2,2,0,0,0,0,0,0,0,0,0,Y,Y,Y,전교조가 다 해 ''처드'''시는구낭..,''전교조'''가 다 해 처드시는구낭..,,N,Y,N,,,,,,
C199335.json,1,0,0,0,0,0,0,0,0,0,0,Y,Y,Y,헐… 오이지 정말 대단하다 대단해 지들 마음대로지 늘 그렇지 ㅎㅎ 참 대단한 회사야 소속사가 같이 도와서 해결하지 않고 그대로 ''내팽겨쳐'''버리네,헐… 오이지 정말 대단하다 대단해 지들 마음대로지 늘 그렇지 ㅎㅎ 참 대단한 회사야 ''소속사'''가 같이 도와서 해결하지 않고 그대로 내팽겨쳐버리네,,N,N,Y,,,,,,
C182842.json,1,0,0,0,0,0,0,0,0,2,0,Y,Y,Y,''좌좀''' 정치인들은 벌면 국가에 반납하고 그래야 지들이 미는 사상하고 일치하는거 아님?,''좌좀 정치인'''들은 벌면 국가에 반납하고 그래야 지들이 미는 사상하고 일치하는거 아님?,Y,Y,N,N,,,,,,
C073449.json,1,0,0,0,0,0,0,0,0,0,0,Y,Y,Y,#@이름#말이 맞았네 ''망둥어'''된,#@이름#말이 맞았네 ''망둥어'''된,,N,N,Y,,,,,,
C084777.json,1,0,0,0,0,0,0,0,0,1,0,Y,Y,N,"#@이름# , #@이름# , #@이름# 다 자유한국당 시대 유물들","''#@이름#''' , ''#@이름#''' , ''#@이름#''' 다 자유한국당 시대 유물들",Y,Y,N,N,,,,,,
C041057.json,1,1,0,0,0,0,0,0,0,0,0,Y,Y,Y,"
''미친'''듯.. 진짜 엠비씨 ''미쳤'''냐?","
미친듯.. 진짜 ''엠비씨''' 미쳤냐?",,N,N,Y,,,,,,
C112416.json,2,0,0,0,0,0,2,0,0,3,0,Y,Y,Y,베트남이 ''빨갱이''' 나라라는거 몰랐나?,''베트남'''이 ''빨갱이''' 나라라는거 몰랐나?,Y,Y,N,N,Y,,,,,
C132054.json,2,0,0,0,0,0,0,0,0,0,0,Y,Y,Y,"이런 나쁜''놈'''들 4년을 재판 끌고 도지사 지맘대로 다 해먹고 이제서 정의로운척 하는 법원 ''역겹'''다 ! 소급적용해라 !
","''이런 나쁜놈'''들 4년을 재판 끌고 도지사 지맘대로 다 해먹고 이제서 정의로운척 하는 법원 역겹다 ! 소급적용해라 !
",,Y,N,N,,,,,,
C034629.json,1,1,0,0,0,0,0,1,0,0,0,Y,N,Y,얘네 약간 ''사패''' 아님?,얘네 약간 사패 아님?,N,Y,N,N,N,N,N,Y,N,N
C115737.json,2,0,0,0,0,0,2,0,0,0,0,Y,Y,Y,뭘 저렇게까지.. ''양키'''들은 표현도 성적으로하시네/,뭘 저렇게까지.. ''양키'''들은 표현도 성적으로하시네/,,Y,N,N,Y,,,,,
C019349.json,1,1,0,0,0,0,1,0,0,1,0,Y,Y,Y,"
▶근조 대한민국 사법부◀ 그래서 양놈들 원시인 족장 #@이름#놈을 본 받자 이거냐? 전 세계의 가장 우수한 문화가 바로 우리 아시아의 중화인민공화국에서 발원되었거늘, 이 왜놈 양놈들의 ''앞잡이''' 노릇이나 하고 앉은 조중동 제*연대 동아일보놈들 이제는 하다 하다 #@이름#놈 복식까지 따라하라고 ''선동질'''이라니.. 참으로 기가 막힌 노릇이다. 정작 전 세계 지도자님들 가운데에서도 단연코 빼어난 패션 감각을 자랑하시는 #@이름# 대통령님이나 #@이름# 영부인님께 대해서는 단 1번도 호평을 안 한 이 천하제일의 매국놈들.. 조중동 OUT이야!! OUT이라고!!","
▶근조 대한민국 사법부◀ 그래서 ''양놈'''들 ''원시인 족장''' ''#@이름#'''놈을 본 받자 이거냐? 전 세계의 가장 우수한 문화가 바로 우리 아시아의 중화인민공화국에서 발원되었거늘, 이 ''왜놈''' ''양놈'''들의 앞잡이 노릇이나 하고 앉은 조중동 제*연대 동아일보놈들 이제는 하다 하다 ''#@이름#놈''' 복식까지 따라하라고 선동질이라니.. 참으로 기가 막힌 노릇이다. 정작 전 세계 지도자님들 가운데에서도 단연코 빼어난 패션 감각을 자랑하시는 #@이름# 대통령님이나 #@이름# 영부인님께 대해서는 단 1번도 호평을 안 한 이 천하제일의 ''매국놈'''들.. 조중동 OUT이야!! OUT이라고!!",Y,Y,N,Y,Y,,,,,
C071431.json,1,1,0,0,0,0,0,0,0,0,0,Y,Y,Y,이런 수준의''놈'''을 선거본부장을 시켜놓은 #@이름#이 대통령돼서 무슨일있어면   국방부장관 장관불러서  삼층교육대 신설해서 다잡아가겠구나   ㅋㅋㅋ,이런 수준의놈을 ''선거본부장'''을 시켜놓은 #@이름#이 대통령돼서 무슨일있어면   국방부장관 장관불러서  삼층교육대 신설해서 다잡아가겠구나   ㅋㅋㅋ,,N,N,Y,,,,,,
C143433.json,2,0,0,0,0,0,2,0,0,2,0,Y,Y,Y,폐고기 사용한 전남뉴스엔 7시니 ''라도'''니 하며 욕하던 인간들 이지역뉴스에는 조용하네?세상 나쁜짓 하는놈들이 평생 그 지역에서만 먹고사는게 아닐진데 특정지역의 나쁜뉴스는 그지역 몰아서 욕하더니 자신들의 지역은 이정도는 나쁜짓도 아이라 조용한가?,폐고기 사용한 전남뉴스엔 7시니 라도니 하며 욕하던 ''인간'''들 이지역뉴스에는 조용하네?세상 나쁜짓 하는놈들이 평생 그 지역에서만 먹고사는게 아닐진데 특정지역의 나쁜뉴스는 그지역 몰아서 욕하더니 자신들의 지역은 이정도는 나쁜짓도 아이라 조용한가?,Y,Y,N,N,Y,,,,,
C145909.json,1,0,0,0,0,0,0,0,0,1,0,Y,Y,N,"#@이름#의 지령받앗네,,이런걸 대통령 이라,,,,","#@이름#의 지령받앗네,,이런걸 ''대통령''' 이라,,,,",Y,Y,N,N,,,,,,
C083706.json,1,0,0,0,0,0,0,0,0,0,0,Y,Y,Y,"그 어떤 후보보다 인간적이고 수수해보여서 정감갑니다..그 어떤 ''결점'''이 있다한들 더불어당 의원들만 하겠어요..그 어떤 잘못이 있다한들 ''전과자''' #@이름#만 하겠어요..그 어떤 죄가 있다한들 #@이름#만 하겠어요..어떤 결점..잘못..죄가 있다해도 우리나라를 위해 #@이름#후보님 끝까지 지지할게요..후보님도 사악한 저들의 공격에 의연해 지세요
","그 어떤 후보보다 인간적이고 수수해보여서 정감갑니다..그 어떤 결점이 있다한들 ''더불어당''' 의원들만 하겠어요..그 어떤 잘못이 있다한들 전과자 ''#@이름#'''만 하겠어요..그 어떤 죄가 있다한들 ''#@이름#'''만 하겠어요..어떤 결점..잘못..죄가 있다해도 우리나라를 위해 #@이름#후보님 끝까지 지지할게요..후보님도 사악한 저들의 공격에 의연해 지세요
",,N,N,Y,,,,,,
C101641.json,1,0,0,0,2,0,0,0,0,0,0,Y,N,Y,''페미'''한테 명분만들어주지마라...,페미한테 명분만들어주지마라...,N,Y,N,N,N,Y,N,N,N,N
C089301.json,1,1,0,0,0,0,0,0,0,0,0,Y,Y,Y,''감성팔이''' 지겹다.. 임차호소인자기가 회견하면 말이 ''겁나''' 잘 먹히는줄아나봐,감성팔이 지겹다.. ''임차호소인'''자기가 회견하면 말이 겁나 잘 먹히는줄아나봐,,N,N,Y,,,,,,
C190615.json,0,1,0,0,0,0,0,0,0,0,0,Y,Y,Y,짝!짝!짝! 늬들 끼리 물고 뜯고 씹고 잘 싸워봐라,짝!짝!짝! 늬들 끼리 물고 뜯고 씹고 잘 싸워봐라,,N,N,Y,,,,,,
C133306.json,1,0,0,0,2,0,0,0,0,0,0,Y,Y,Y,"보면 꼭 ''몬난'''것들이 페미 ''메갈''' 희안한거 다함.... 나라가 망조일세 ㅡㅡ
","보면 꼭 몬난것들이 ''페미''' 메갈 희안한거 다함.... 나라가 망조일세 ㅡㅡ
",,Y,N,N,,Y,,,,
C089663.json,2,0,0,0,0,0,0,0,0,2,0,Y,Y,Y,''문죄'''군대 ''조앙스럽'''네,''문죄군대''' 조앙스럽네,Y,Y,N,N,,,,,,
C143115.json,2,1,0,0,0,0,0,0,0,0,0,Y,Y,Y,쇼핑은 했는데 돈은 안 썼다. 밥은 먹었는데 그게 밥인지 모르고 있으니까 먹었다. 말이야 ''방귀'''야? ''개눈박이''' 집안답네 ㅋㅋㅋㅋㅋ,쇼핑은 했는데 돈은 안 썼다. 밥은 먹었는데 그게 밥인지 모르고 있으니까 먹었다. 말이야 방귀야? ''개눈박이 집안'''답네 ㅋㅋㅋㅋㅋ,,N,N,Y,,,,,,
C022518.json,1,0,0,0,0,0,1,0,0,0,0,Y,Y,N,아니 우리가 중국애들 싸운것까지 왜 알아야 하는데,아니 우리가 ''중국애'''들 싸운것까지 왜 알아야 하는데,,Y,N,N,Y,,,,,
C171571.json,1,0,0,0,0,0,1,0,0,0,0,Y,Y,N,??방가~^^광복절이다♥?♥?♥?니들도 주민등록증 있는 놈들이면~오늘은????????????????????????자제해라?? 옳은 말씀이구만♥?♥?♥?♥?,??방가~^^광복절이다♥?♥?♥?니들도 주민등록증 있는 놈들이면~오늘은''????'''''????'''''????'''''????'''''????'''''????'''자제해라?? 옳은 말씀이구만♥?♥?♥?♥?,,Y,N,N,Y,,,,,
C041238.json,1,0,0,0,0,0,0,0,0,0,0,Y,Y,Y,"당장 ''철거'''해라. ''흉물'''스럽다. 왜 연고도 없는 서울시에 저런''걸''' 만들어야 하는데.. 단원고는 안산에 있으니 당연히 안산에 만들어야지
","당장 철거해라. 흉물스럽다. 왜 연고도 없는 서울시에 저런걸 만들어야 하는데.. 단원고는 안산에 있으니 당연히 안산에 만들어야지
",,N,N,Y,,,,,,
C053110.json,1,0,0,0,0,0,0,0,0,2,0,Y,Y,Y,코로나에 대해 정치저그로 대응하던 ''뭉가'''정권의 총체적인 방역실패이다.,코로나에 대해 정치저그로 대응하던 ''뭉가정권'''의 총체적인 방역실패이다.,Y,Y,N,N,,,,,,
C130204.json,2,0,0,0,0,0,0,0,0,0,0,Y,Y,Y,"분노하라 청년들아, 기득권 산업체 노조, 공무원 노조, 공사 노조 심지어 교사 노조, 꿀빠는 ''섹희들'''에게!
","분노하라 청년들아, ''기득권 산업체 노조''', ''공무원 노조''', ''공사 노조''' 심지어 ''교사 노조''', ''꿀빠는 섹희'''들에게!
",,N,Y,N,,,,,,
C130712.json,2,0,1,0,0,0,0,0,0,0,0,Y,Y,Y,차별같은 소리하네 ''발정난''' ''개'''냐? 개는 자식이라도 만들지 니들은 존중받을 자격 없어,차별같은 소리하네 발정난 개냐? 개는 자식이라도 만들지 니들은 존중받을 자격 없어,,N,Y,N,,,,,,
C172999.json,2,0,0,0,0,0,0,0,0,0,0,Y,Y,Y,''더'''듬당 지지 ''대깨'''들한테 왜 국힘대통령후보가 결정되어져야하나 ! 상식적으로 생각해라,''더듬당 지지 대깨'''들한테 왜 국힘대통령후보가 결정되어져야하나 ! 상식적으로 생각해라,,N,Y,N,,,,,,
C140234.json,3,2,0,0,0,0,0,0,0,0,3,Y,Y,Y,''쓰레기''' ''족벌''' ''개'''''찌라시'''야. #@이름# 권력펀드라며 #@이름# ㄹ기사 쓴거 사과 안하냐. 이''개'''''기더기'''야.,쓰레기 족벌 개찌라시야. #@이름# 권력펀드라며 #@이름# ㄹ기사 쓴거 사과 안하냐. 이개''기더기'''야.,,Y,N,N,,,,,,Y
C160611.json,1,0,0,0,0,0,0,0,0,0,0,Y,Y,Y,#@이름#이 딸래미가 성적 ''폭망'''했는데도 장학금 받은걸 읽어보란거임? ㅋ,#@이름#이 ''딸래미'''가 성적 폭망했는데도 장학금 받은걸 읽어보란거임? ㅋ,,N,N,Y,,,,,,
C084038.json,1,0,0,0,0,0,0,0,0,1,0,Y,Y,Y,"#@이름# 될때 계파갈등 많은 저 당 ''어케''' ''끌고''' ''가나''' 했는데 ''역시나'''다.

","''#@이름#''' 될때 계파갈등 많은 저 당 어케 끌고 가나 했는데 역시나다.
",Y,Y,N,N,,,,,,
C101332.json,2,1,0,0,0,0,0,0,0,2,0,Y,Y,Y,민주화와 독재타도를 위해 피흘리고 희생하신 진짜 광주시민이 아니고 뒤에서 온갖 특혜누리면서 피땀으로 이룩한 자유대한민국을 지들만의 특권을 위해 중공이나 북괴에 종속시키려는 586좌파들이야말로 역사와 민족을 파괴시키는 진짜 범죄자''넘'''들이다 진정 국가와 민족을 위하는 민주시민이라면 반드시 내년대선에서 심판하여 죄값을 받게 하자!,민주화와 독재타도를 위해 피흘리고 희생하신 진짜 광주시민이 아니고 뒤에서 온갖 특혜누리면서 피땀으로 이룩한 자유대한민국을 지들만의 특권을 위해 중공이나 북괴에 종속시키려는 ''586좌파'''들이야말로 역사와 민족을 파괴시키는 진짜 범죄자넘들이다 진정 국가와 민족을 위하는 민주시민이라면 반드시 내년대선에서 심판하여 죄값을 받게 하자!,Y,Y,N,N,,,,,,
C181665.json,2,0,0,0,0,0,0,0,0,0,0,Y,Y,Y,당근이지. 언론 은 중립. 최소한 은 지켜야지?''쓰레기''' 언론 조중동 .~경제.  이런 ''쓰레기''' 언론 은 ''폐간'''가자,당근이지. 언론 은 중립. 최소한 은 지켜야지?쓰레기 언론 ''조중동''' .~경제.  이런 쓰레기 언론 은 폐간가자,,N,N,Y,,,,,,
C153811.json,1,1,0,0,0,0,0,0,0,0,0,Y,Y,Y,일본   산사태  어제  봤지   그거  다  태양광  판넬   설치 한다고  멀쩡한    산  깎아서  생긴거야   야  문 가 ''놈'''아  정신 차려  너 때문에   올 여름  전력 수급  비상이래    원자력  없애고   신 재생 에너지  어쩌구 저쩌구   하더니   이젠   정말   블랙 아웃  시작 된다,일본   산사태  어제  봤지   그거  다  태양광  판넬   설치 한다고  멀쩡한    산  깎아서  생긴거야   야  ''문 가''' 놈아  정신 차려  너 때문에   올 여름  전력 수급  비상이래    원자력  없애고   신 재생 에너지  어쩌구 저쩌구   하더니   이젠   정말   블랙 아웃  시작 된다,,N,N,Y,,,,,,
C073332.json,0,0,0,2,0,0,0,0,0,0,0,Y,N,Y,광화문 네거리에서 TV 생중계로 ''곤장''' ''백대''' ''맞'''아야정신차릴까?,광화문 네거리에서 TV 생중계로 곤장 백대 맞아야정신차릴까?,N,N,N,N,N,N,N,N,N,N
C093436.json,2,2,0,0,0,0,0,0,0,2,0,Y,Y,Y,국민은죽어가는데 코로나를이용해 국민을''기만'''해서 자기선전하는 ''특등머저리'''에속아넘어가는 ''더특등머저리''' ''저질'''국민이있다는데 통탄하지 않을수없다 ''바보'''''머저리'''''대깨문'''들 나중에보자,국민은죽어가는데 코로나를이용해 국민을기만해서 자기선전하는 특등머저리에속아넘어가는 더특등머저리 저질국민이있다는데 통탄하지 않을수없다 바보머저리''대깨문'''들 나중에보자,Y,Y,N,N,,,,,,
C156703.json,0,2,0,0,0,0,0,0,0,0,0,Y,Y,Y,"어떻게 저런''새끼'''들이 집행유예냐 이모양이니 범죄가 끊이질 않는거다
","어떻게 저런새끼들이 집행유예냐 이모양이니 범죄가 끊이질 않는거다
",,N,Y,N,,,,,,
C190707.json,1,1,0,0,0,0,0,0,0,0,0,Y,Y,Y,동네 ''양아치''' ''패거리'''만도 못한 구(9)수한 #@이름# 띄우기네. #@이름# 관련 유튜브 방송을 잘 봐라. 특히 열린공감TV의 유튜브 방송을 잘 봐라. 거기에는 #@이름#와 그 가족이 있다.,동네 양아치 패거리만도 못한 구(9)수한 ''#@이름#''' 띄우기네. ''#@이름#''' 관련 유튜브 방송을 잘 봐라. 특히 열린공감TV의 유튜브 방송을 잘 봐라. 거기에는 ''#@이름#'''와 그 가족이 있다.,,N,N,Y,,,,,,
C060821.json,1,1,0,0,0,0,0,0,0,2,0,Y,Y,Y,진심 이따구로 계속할꺼믄 국민들 모두 ''빡쳐'''서 폭동 일어났음좋것다. 그래야 지금정권이 국민무서운줄 알지. 지금 국민을 그냥 순한 양으로만알고있네ㅋㅋ국민들을 물로보지말라는거다,진심 이따구로 계속할꺼믄 국민들 모두 빡쳐서 폭동 일어났음좋것다. 그래야 지금''정권'''이 국민무서운줄 알지. 지금 국민을 그냥 순한 양으로만알고있네ㅋㅋ국민들을 물로보지말라는거다,Y,Y,N,N,,,,,,
C130770.json,1,0,0,0,0,0,0,0,0,1,0,Y,Y,Y,아싸~더운날 기분좋은 소식!! 드루킹정부 댓글조작정부 그게 지금의 #@이름#정부 전부 조작 거짓이란 얘기 #@이름# 잘가라,아싸~더운날 기분좋은 소식!! 드루킹정부 댓글조작정부 그게 지금의 ''#@이름#'''정부 전부 조작 거짓이란 얘기 ''#@이름#''' 잘가라,Y,Y,N,N,,,,,,
C144028.json,1,0,0,0,2,0,0,1,0,0,0,Y,Y,Y,''ㅍㅁ니즘''' ''정신병''' 남자라서 무섭다 쿵쾅쿵왕쾅 ''ㅍㅁ니즘''' ''정신병''' ''ㅍㅁ니즘''' ''정신병''' ''ㅍㅁ니즘''' ''정신병''' ''ㅍㅁ니즘''' ''정신병''' ''ㅍㅁ니즘''' ''정신병''' ''ㅍㅁ니즘''' ''정신병''' ''ㅍㅁ니즘''' ''정신병''' ''ㅍㅁ니즘''' ''정신병''' ''ㅍㅁ니즘''' ''정신병''' ''ㅍㅁ니즘''' ''정신병''' ''ㅍㅁ니즘''' ''정신병''' ''ㅍㅁ니즘''' ''정신병''' ''ㅍㅁ니즘''' ''정신병''' ''ㅍㅁ니즘''' ''정신병''' ''ㅍㅁ니즘''' ''정신병''',''ㅍㅁ니즘''' ''정신병''' 남자라서 무섭다 쿵쾅쿵왕쾅 ''ㅍㅁ니즘''' ''정신병''' ''ㅍㅁ니즘''' ''정신병''' ''ㅍㅁ니즘''' ''정신병''' ''ㅍㅁ니즘''' ''정신병''' ''ㅍㅁ니즘''' ''정신병''' ''ㅍㅁ니즘''' ''정신병''' ''ㅍㅁ니즘''' ''정신병''' ''ㅍㅁ니즘''' ''정신병''' ''ㅍㅁ니즘''' ''정신병''' ''ㅍㅁ니즘''' ''정신병''' ''ㅍㅁ니즘''' ''정신병''' ''ㅍㅁ니즘''' ''정신병''' ''ㅍㅁ니즘''' ''정신병''' ''ㅍㅁ니즘''' ''정신병''' ''ㅍㅁ니즘''' ''정신병''',,Y,N,N,,Y,,Y,,
C029083.json,1,0,0,0,0,0,1,0,0,0,0,Y,Y,N,일본인들은 같은동양인들은 멸시하면서   백인이나 흑인들은  엄청나게  동경하는민족성이있다,''일본인'''들은 같은동양인들은 멸시하면서 백인이나 흑인들은 엄청나게 동경하는민족성이있다,,Y,N,N,Y,,,,,
C039226.json,2,1,0,2,0,0,0,0,0,1,0,Y,Y,Y,"참 ''더러운''' 정권이네, #@이름#는 몇년째 재판도 안하고 있으면서, 이미 정당한 대체복무라고 판결이 난 일인데 이걸 ''더럽게도''' 빨리수사하네..제발 정권만 바뀌어라 이 더러운 정권의 주동자들과 부역자들은 모두 뜨거운 기름에 ''튀겨버리게'''.","참 더러운 정권이네, ''#@이름#'''는 몇년째 재판도 안하고 있으면서, 이미 정당한 대체복무라고 판결이 난 일인데 이걸 더럽게도 빨리수사하네..제발 정권만 바뀌어라 이 더러운 정권의 ''주동자'''들과 ''부역자'''들은 모두 뜨거운 기름에 튀겨버리게.",Y,Y,Y,N,,,,,,
C108395.json,2,2,0,0,0,0,2,0,0,0,0,Y,Y,Y,"저게 ''짱깨'''들 속성이다. 인명경시, 돈만 알고, 남들 배려는 없는것이 ''짱깨'''들 국민성. ''#@이름#'''은 일당독재자. 몇 년내로 죽을거다.
","저게 ''짱깨'''들 속성이다. 인명경시, 돈만 알고, 남들 배려는 없는것이 ''짱깨'''들 국민성. ''#@이름#'''은 일당독재자. 몇 년내로 죽을거다.
",,Y,N,Y,Y,,,,,
C084307.json,2,0,0,0,0,0,0,0,0,0,0,Y,Y,Y,수준들이 거의 ''양아치'''네요. ''관종'''인것 같기도 하고...여튼 ''쓰레기'''들이 지천에 늘려 있네요.,수준들이 거의 양아치네요. 관종인것 같기도 하고...여튼 쓰레기들이 지천에 늘려 있네요.,,N,N,Y,,,,,,
C034346.json,2,1,0,1,0,0,0,0,0,2,0,Y,Y,Y,"''문딸딸이''' ''언급하'''면 다 ''죽'''는다,,, 저 ''저주받'''은 ''넘'''의 #@이름#~","''문딸딸이''' 언급하면 다 죽는다,,, 저 저주받은 넘의 ''#@이름#'''~",Y,Y,N,N,,,,,,
C179991.json,1,0,0,0,0,0,0,0,0,0,0,Y,Y,Y,참인생이 불쌍하네 #@이름#야 니가하는 행동들은 ''노욕'''에 불과하네 일찍 접어라,참인생이 불쌍하네 ''#@이름#'''야 니가하는 행동들은 노욕에 불과하네 일찍 접어라,,N,N,Y,,,,,,
C194196.json,2,0,0,0,0,0,0,0,0,0,0,Y,Y,Y,''못생긴''' 여자들이 이쁜여자들 질투한다고지들은 sns에 어디갔고 뭐먹었는지 올리면서 남이 올리면 욕하네..내로남불 ''쩐다'''. 그렇게 살지말길이뿌시기만 하구만,''못생긴 여자'''들이 이쁜여자들 질투한다고지들은 sns에 어디갔고 뭐먹었는지 올리면서 남이 올리면 욕하네..내로남불 쩐다. 그렇게 살지말길이뿌시기만 하구만,,N,Y,N,,,,,,
C042490.json,1,2,0,0,0,0,2,0,0,0,0,Y,Y,Y,''ㅉㄲ''' 는 지구상에서 ''꺼져'''라,''ㅉㄲ''' 는 지구상에서 꺼져라,,Y,N,N,Y,,,,,
C133544.json,2,1,0,0,0,0,0,0,0,0,0,Y,Y,Y,니같은 ''뇬'''하고 같은 아래 숨을 쉬며 살아갈수밖에 없다는게?''매국 밀정 같은 인간'''들하고 살수밖에 없는 곳이 ?내 조국인게 나는 더 슬프다? #@이름#아,니같은 뇬하고 같은 아래 숨을 쉬며 살아갈수밖에 없다는게?매국 밀정 같은 인간들하고 살수밖에 없는 곳이 ?내 조국인게 나는 더 슬프다? ''#@이름#'''아,,N,N,Y,,,,,,
C080695.json,1,0,0,0,0,0,0,0,0,2,0,Y,Y,Y,''종북주사파들'''의 ''새빨간''' ''거짓말'''이 ''또''' ''들통'''나버렸군요.,''종북주사파'''들의 새빨간 거짓말이 또 들통나버렸군요.,Y,Y,N,N,,,,,,
C161352.json,2,0,0,0,0,0,0,0,0,0,1,Y,Y,N,우리나라 사람 배고픈건 참아도 배아픈건 못참지!형평성에 벗어난게 문제고 12%는 우리국민이 아닌가요? 그 부양가족은 무슨죄며? 어짜피 세금 나가는게 더 많겠지만 거의 전국민에 주는 위로금 같은돈을 성시납세자에겐 안준다늘 소리. 그 12% 지지 못받는 사람 절대 대통령 못됨. 두고보시오!,''우리나라''' ''사람''' 배고픈건 참아도 배아픈건 못참지!형평성에 벗어난게 문제고 12%는 우리국민이 아닌가요? 그 부양가족은 무슨죄며? 어짜피 세금 나가는게 더 많겠지만 거의 전국민에 주는 위로금 같은돈을 성시납세자에겐 안준다늘 소리. 그 12% 지지 못받는 사람 절대 ''대통령''' 못됨. 두고보시오!,,Y,N,N,,,,,,Y
C180236.json,2,0,0,0,0,0,0,0,0,2,0,Y,Y,Y,역시 ''재앙이''' 기사는 공감순이 없지 ''더불알민주당'''이 말하는 민주주의 표현의 자유의 이중성,역시 ''재앙이''' 기사는 공감순이 없지 ''더불알민주당'''이 말하는 민주주의 표현의 자유의 이중성,Y,Y,N,Y,,,,,,
C184793.json,2,0,0,0,0,1,0,0,0,0,0,Y,Y,Y,''뻔뻔'''한 ''아줌씨'''.. 혼자 잘난척 하드니만...믿을거 하나도 없네...,뻔뻔한 ''아줌씨'''.. 혼자 잘난척 하드니만...믿을거 하나도 없네...,,Y,N,N,,,Y,,,
C044375.json,2,2,0,0,0,0,0,0,0,0,1,Y,Y,Y,이런 ''쓰레기'''같은 대법관이 있는 나라를 민주국가라고 할수 있을까?,이런 쓰레기같은 ''대법관'''이 있는 나라를 민주국가라고 할수 있을까?,,Y,N,N,,,,,,Y
C102636.json,2,1,0,0,0,0,0,0,0,0,0,Y,Y,Y,"#@이름#은 그래도 정의가 살아있네. #@이름#은 ''입'''에 ''지퍼 채우'''고 ''주둥이''' ''닥쳤'''는데...
","#@이름#은 그래도 정의가 살아있네. ''#@이름#'''은 입에 지퍼 채우고 주둥이 닥쳤는데...
",,N,N,Y,,,,,,
C085361.json,1,0,0,0,0,0,0,0,0,1,0,Y,Y,N,코로나는 지금까지  문통  말하는  반대로 갔다,코로나는 지금까지 ''문통''' 말하는 반대로 갔다,Y,Y,N,N,,,,,,
C130099.json,2,0,0,0,0,0,0,0,0,0,2,Y,Y,Y,''?? 검'''들의 방식을 경찰도 배웠구나. 증거조작 직권남용은 ''??검'''들 특권인데 경찰따위가 그러했으니...ㅋ,''?? 검'''들의 방식을 ''경찰'''도 배웠구나. 증거조작 직권남용은 ''??검'''들 특권인데 ''경찰'''따위가 그러했으니...ㅋ,,Y,N,N,,,,,,Y
C067776.json,1,0,0,0,0,0,0,0,0,2,0,Y,Y,Y,''대깨문'''들에게 도와달라 하면 되겠네,''대깨문'''들에게 도와달라 하면 되겠네,Y,Y,N,N,,,,,,
C170504.json,1,1,0,0,0,0,0,0,0,0,0,Y,Y,Y,살이 빠진게 아니라 작년에 세워둔 대역 #@이름#도 ''디져'''서 홀쭉이 #@이름# 대역 한명 갖다놓은거 아니여~~어짜피 저 홀쭉이도 살찌워 놓을겨~~,살이 빠진게 아니라 작년에 세워둔 대역 ''#@이름#'''도 디져서 홀쭉이 ''#@이름# 대역''' 한명 갖다놓은거 아니여~~어짜피 저 홀쭉이도 살찌워 놓을겨~~,,N,N,Y,,,,,,
C033630.json,3,3,0,0,0,0,0,0,0,0,3,Y,Y,Y,''똥묻'''은 ''놈'''이 ''겨묻'''은 사람탓한다고 JTBC가 MBC뭐라하면 이해하겠는데 조선일보가 지면에서 MBC를 탓하나? 조선일보는 거읠도 없냐 사주일가의 도덕성이야 말해야 입만 아프고 ''왜놈''' ''앞잽이질'''은 기본 #@이름# 독재정권 #@이름# 군부정권협력에 최근 애새끼 갑질 까지 찬란하고 유구한 역사에 직원들 또한 그에 못지 않잖아? 기사거래해서 자가용 비행기타고 유럽가고 명품받고 이번엔 사깃꾼에게까지 ''뇌물''' ''쳐먹었'''다며 개하고 조선일보 기자하고 출입금지 라는 팻말이 있었을까 그런것들이 누구를 탓하냐 뇌물받아쳐먹을시간에 거울 좀봐라,똥묻은 놈이 겨묻은 사람탓한다고 JTBC가 MBC뭐라하면 이해하겠는데 ''조선일보'''가 지면에서 MBC를 탓하나? ''조선일'''보는 거읠도 없냐 사주일가의 도덕성이야 말해야 입만 아프고 왜놈 앞잽이질은 기본 #@이름# 독재정권 #@이름# 군부정권협력에 최근 애새끼 갑질 까지 찬란하고 유구한 역사에 직원들 또한 그에 못지 않잖아? 기사거래해서 자가용 비행기타고 유럽가고 명품받고 이번엔 사깃꾼에게까지 뇌물 쳐먹었다며 개하고 조선일보 기자하고 출입금지 라는 팻말이 있었을까 그런것들이 누구를 탓하냐 뇌물받아쳐먹을시간에 거울 좀봐라,,Y,N,N,,,,,,Y
C004258.json,1,0,0,0,0,0,0,0,0,2,0,Y,Y,Y,종전으로 한미상호방위조약이 깨지길 바라는것들은 ''이북지령 받'''은 ''좌빨'''들임. 여러가지 이유로 S.Korea의 우방은 USA뿐임.,종전으로 한미상호방위조약이 깨지길 바라는것들은 이북지령 받은 ''좌빨'''들임. 여러가지 이유로 S.Korea의 우방은 USA뿐임.,Y,Y,N,N,,,,,,
C137923.json,1,0,0,0,0,0,0,0,0,1,0,Y,Y,Y,세금 먹는 하마였네요 정치적 목적을 위해 만든 것이니 해고하고 다른 용도로 씁시다 #@이름# 죽어서도 욕 먹을 ''짓'''만 했네,세금 먹는 하마였네요 정치적 목적을 위해 만든 것이니 해고하고 다른 용도로 씁시다 ''#@이름#''' 죽어서도 욕 먹을 짓만 했네,Y,Y,N,N,,,,,,
C018527.json,2,0,0,2,0,0,2,0,0,0,0,Y,Y,Y,"#@이름#아, 좋은 물건 만들지만 말고 시험 삼아 ''일본 열도에 두방만 쏴주'''면 안되겠니 ? 세계가 건들지 못하도록 한국도 적극 나서서 도와줄게. 우리네 대통령은 무조건 막아줄거야.","#@이름#아, 좋은 물건 만들지만 말고 시험 삼아 ''일본''' 열도에 두방만 쏴주면 안되겠니 ? 세계가 건들지 못하도록 한국도 적극 나서서 도와줄게. 우리네 대통령은 무조건 막아줄거야.",,Y,N,N,Y,,,,,
C150202.json,2,0,0,1,0,0,0,0,0,1,0,Y,Y,Y,#@이름# 한마디가 무진장 신경 쓰였나보네 ''쪼잔한'''''것'''들 민노총이나 가서 ''때려''' ''잡아''' ''이것'''들아,#@이름# 한마디가 무진장 신경 쓰였나보네 쪼잔한것들 민노총이나 가서 때려 잡아 ''이것'''들아,Y,Y,N,N,,,,,,
C143918.json,1,2,0,0,0,0,0,0,0,0,2,Y,Y,Y,"''지랄'''같은 판결이네판사야 술을 마시라는거냐?
","지랄같은 판결이네''판사'''야 술을 마시라는거냐?
",,Y,N,N,,,,,,Y
C013392.json,2,1,0,0,0,0,1,0,0,0,0,Y,Y,Y,''도둑'''''놈'''이 제발 저리다고 하더니 선수단에 입맛에 맞는 도시락을 제공해줄 목적으로 운영하는 급식지원센터에 딴지를 거는 일본 ''꼬라지'''들이 가소롭고 측은해 보인다.,도둑놈이 제발 저리다고 하더니 선수단에 입맛에 맞는 도시락을 제공해줄 목적으로 운영하는 급식지원센터에 딴지를 거는 ''일본''' 꼬라지들이 가소롭고 측은해 보인다.,,Y,N,N,Y,,,,,
C150309.json,2,2,0,0,0,0,0,0,0,0,2,Y,Y,Y,이제 수사권 독립같은 ''개소리'''는 하지마라 *''급충''' ''연금충''' 경찰이 뭔 수사권이야 검사가 시키는거나 하는게 딱이지,이제 수사권 독립같은 개소리는 하지마라 *급충 연금충 ''경찰'''이 뭔 수사권이야 검사가 시키는거나 하는게 딱이지,,Y,N,N,,,,,,Y
C084269.json,1,0,0,0,0,0,0,0,0,2,0,Y,N,Y,"내로남불의 ''정수기'''다
",내로남불의 정수기다,Y,Y,N,N,N,N,N,N,N,N
C020263.json,1,0,0,0,1,0,0,0,0,0,1,Y,Y,Y,우린 ''오또'''k 캅스가 있다. 부러워말라~,우린 ''오또'''''k 캅스'''가 있다. 부러워말라~,,Y,N,N,,Y,,,,Y
C015248.json,1,0,0,0,0,0,2,0,0,0,0,Y,Y,Y,원래는 미군이 1945년 오키나와섬과 이오지마섬에서 승전하고 폭격기를 이용할수 있는 활주로를 얻은 다음 몇백만의 군사를 이끌고 일본 본토에 상륙하여 일본군을 모두 초토화할 예정이였지만(몰락작전) 미군이 이 작전을 앞두고 일본에게 더 큰 압박을 주기위해 원자폭탄을 떨어뜨렸는데 너무 강력해서 ''쪽바리'''가 항복해버린 ''어처구니없'''이 웃긴상황ㅋㅋㅋㅋㅋㅋㅋㅋㅋㅋㅋㅋㅋㅋㅋㅋㅋ,원래는 미군이 1945년 오키나와섬과 이오지마섬에서 승전하고 폭격기를 이용할수 있는 활주로를 얻은 다음 몇백만의 군사를 이끌고 ''일본''' 본토에 상륙하여 일본군을 모두 초토화할 예정이였지만(몰락작전) 미군이 이 작전을 앞두고 ''일본'''에게 더 큰 압박을 주기위해 원자폭탄을 떨어뜨렸는데 너무 강력해서 ''쪽바리'''가 항복해버린 어처구니없이 웃긴상황ㅋㅋㅋㅋㅋㅋㅋㅋㅋㅋㅋㅋㅋㅋㅋㅋㅋ,,Y,N,N,Y,,,,,
C122589.json,0,1,0,0,0,0,0,0,0,0,0,Y,Y,Y,그 깜찍이 ''처'''먹은 참깨들이 문제임,그 깜찍이 처먹은 ''참깨'''들이 문제임,,N,Y,N,,,,,,
C102980.json,2,1,0,0,0,0,0,0,0,0,0,Y,Y,Y,나라를 지대로 ''말아 처먹'''은 하와이 ''조폭 출신''' #@이름#지금  중 고교생들도 다 압니다,나라를 지대로 말아 처먹은 하와이 조폭 출신 ''#@이름#'''지금  중 고교생들도 다 압니다,,N,N,Y,,,,,,
C150757.json,1,0,0,0,0,0,0,0,0,1,0,Y,Y,N,이 뒷감당을 검찰 청와대는 어찌 감당하려나 ?이정부는 더는 안된다 민주당 아웃 !,이 뒷감당을 ''검찰''' ''청와대'''는 어찌 감당하려나 ?이''정부'''는 더는 안된다 ''민주당''' 아웃 !,Y,Y,N,N,,,,,,
C044240.json,1,0,0,0,0,0,0,0,0,2,0,Y,N,Y,다 좋은데 말미서 이시국서 일본온천 ㅋ이러니 ''대깨문'''들에게 친일 ''토착왜구''' 타령 어쩌구 빌미 주는거이지요..,다 좋은데 말미서  이시국서 일본온천 ㅋ이러니 대깨문들에게 친일 토착왜구 타령 어쩌구 빌미 주는거이지요..,Y,N,N,N,N,N,N,N,N,N
C148854.json,2,0,0,0,0,0,0,0,0,0,0,Y,Y,Y,"왜 ''똥구멍'''을 핥지~? ''더러'''운 세탁소집 딸래미, 하고는~. 문빠는 저래면 찍어주나보지~.","왜 똥구멍을 핥지~? 더러운 ''세탁소집 딸래미''', 하고는~. ''문빠'''는 저래면 찍어주나보지~.",,N,Y,Y,,,,,,
C027462.json,2,0,0,0,0,0,3,0,0,0,0,Y,Y,Y,''짱개'''와 북한 좀 쓸어 주시면 감사 또 감사.,''짱개'''와 ''북한''' 좀 쓸어 주시면 감사 또 감사.,,Y,N,N,Y,,,,,
C117114.json,1,3,0,0,0,0,2,0,0,0,0,Y,Y,Y,''더러운''' 중국''놈'''들 다 ''뒤져'''라,''더러운 중국놈'''들 다 뒤져라,,Y,N,N,Y,,,,,
C119142.json,1,1,0,0,0,0,0,0,0,2,0,Y,Y,Y,이런 중국몽 ''개'''. . . .ab 누구였지? ''치매문'''?,이런 중국몽 개. . . .ab 누구였지? ''치매문'''?,Y,Y,N,N,,,,,,
C129033.json,2,1,0,2,0,0,0,0,0,0,0,Y,Y,Y,우리 장모님 10원 한장 아끼시다 ''똥'''됐네. #@이름#아 장모와 #@이름# 간수 잘해라. #@이름# 집안  ''피눈물 내'''고 니눈물 보고싶네,우리 ''장모'''님 10원 한장 아끼시다 똥됐네. ''#@이름#'''아 ''장모'''와 ''#@이름#''' 간수 잘해라. #@이름# 집안 피눈물 내고 니눈물 보고싶네,,N,N,Y,,,,,,
C010526.json,2,0,0,0,0,0,0,0,0,2,0,Y,Y,Y,미군철수 즉시 개정은 휴전선 밀고 내려오고거리는 이비규환 ''좌빨'''들 인민재판''문재앙'''은 탈출미리 탈출을 대비하라,미군철수 즉시 개정은 휴전선 밀고 내려오고거리는 이비규환 ''좌빨'''들 인민재판''문재앙'''은 탈출미리 탈출을 대비하라,Y,Y,N,N,,,,,,
C138002.json,1,0,0,0,0,0,0,0,0,0,0,Y,Y,Y,걍 계속 푹 쉬어. ''쪼썬일보''' 배달이나 한던가,걍 계속 푹 쉬어. ''쪼썬일보''' 배달이나 한던가,,N,N,Y,,,,,,
C000579.json,1,2,0,0,0,0,0,1,0,0,0,Y,N,Y,할일없는것돌 ''코로라걸려''' 격리되고 자숙해라,할일없는것돌 코로라걸려 격리되고 자숙해라,N,N,N,N,N,N,N,Y,N,N
C092129.json,1,0,0,0,0,0,0,0,0,0,0,Y,Y,Y,여론조사의 풀질이 떨어져서가 아니라 빅데이타 때문이다. 조사기관들은 이미 유권자에 대한 빅데이타를 가지고 있다. 즉 누가 누구를 지지하는지 알고 있다는 이야기다. 결국 입맛대로 ''조작'''할 수 있다는 이야기지.,여론조사의 풀질이 떨어져서가 아니라 빅데이타 때문이다. ''조사기관'''들은 이미 유권자에 대한 빅데이타를 가지고 있다. 즉 누가 누구를 지지하는지 알고 있다는 이야기다. 결국 입맛대로 조작할 수 있다는 이야기지,,N,Y,N,,,,,,
C154448.json,1,2,0,0,0,0,0,0,0,0,0,Y,Y,Y,에이 ''드러분''' 꼬마''3끼''' 확 ㅡ,에이 드러분 꼬마3끼 확 ㅡ,,N,N,Y,,,,,,
C028475.json,1,0,0,0,0,0,0,0,0,0,0,Y,Y,Y,이구 그런 속없는 짓거리 좀 그만해라 형제는 ''얼어죽을'''..국산 k2전차 기술얻어내서 수출까지 해먹는 ''놈'''들이다,이구 그런 속없는 짓거리 좀 그만해라 형제는 얼어죽을..국산 k2전차 기술얻어내서 수출까지 해먹는 놈들이다,,N,N,Y,,,,,,
C178436.json,1,0,0,0,0,0,0,0,0,0,0,Y,Y,Y,#@이름#의 ''피해자 코스프레'''후 #@이름#의 정의의 백마기사... 애네들 무서운데,''#@이름#'''의 피해자 코스프레후 #@이름#의 정의의 백마기사... 애네들 무서운데,,N,N,Y,,,,,,
C169212.json,1,0,0,0,0,0,2,0,0,0,0,Y,Y,Y,꼴통들은 죄를 지어도 부끄러운줄몰라 친일 ''쪽바리파''',꼴통들은 죄를 지어도 부끄러운줄몰라 친일 ''쪽바리파''',,Y,N,N,Y,,,,,
C028278.json,2,0,0,0,0,0,2,0,0,0,0,Y,Y,Y,가지마세요. 이번에도 어떤 ''뒤통수'''를 ''날릴'''지 모르고 일본한테 이용만 당할듯...,가지마세요. 이번에도 어떤 뒤통수를 날릴지 모르고 ''일본'''한테 이용만 당할듯...,,Y,N,N,Y,,,,,
C134042.json,2,0,0,0,0,0,0,0,0,1,0,Y,Y,Y,팩트: 이 소리 ''지껄'''이면서 복지부장관이 ‘미국도 k방역에 기생하려 든다’ 며 모더나 화이자 백신 거절한게 작년 11월임. 미국에서 언론들이 특집기사까지 냄. 왜 전세계가 로비 작전 중인데 한국만 백신에 관심없냐고. 그 시간에 우리 고고하신 여당 정치인들은 친미 백신 필요 없다는 조선 ''망국의 후예''' 같은 소리나 반복하고 있었음. 결국 방역은 다 필요없고 물리적 차단이 핵심이었음. 마스크가 가장 중요했다. 국민들이 정부 못믿어서 강박적으로 셀프 방역하고 서로 눈치보고 하는 문화가 조성된건데 지들이 잘한 양 숟가락 얹더니 백신 ''어그로''' 침,팩트: 이 소리 지껄이면서 ''복지부장관'''이 ‘미국도 k방역에 기생하려 든다’ 며 모더나 화이자 백신 거절한게 작년 11월임. 미국에서 언론들이 특집기사까지 냄. 왜 전세계가 로비 작전 중인데 한국만 백신에 관심없냐고. 그 시간에 우리 고고하신 ''여당''' ''정치인'''들은 친미 백신 필요 없다는 조선 망국의 후예 같은 소리나 반복하고 있었음. 결국 방역은 다 필요없고 물리적 차단이 핵심이었음. 마스크가 가장 중요했다. 국민들이 ''정부''' 못믿어서 강박적으로 셀프 방역하고 서로 눈치보고 하는 문화가 조성된건데 지들이 잘한 양 숟가락 얹더니 백신 어그로 침,Y,Y,N,N,,,,,,
C044486.json,2,0,0,0,0,0,0,0,0,0,0,Y,Y,Y,"#@이름#아 너는 단 한사람을 몰아세우기 위해 사법체계 무너뜨렸잖니? ''내로남불''',''안하무인''',''공감능력결여'''","''#@이름#'''아 너는 단 한사람을 몰아세우기 위해 사법체계 무너뜨렸잖니? 내로남불,안하무인,공감능력결여",,N,N,Y,,,,,,
C126998.json,2,2,0,0,0,0,0,0,0,0,2,Y,Y,Y,왠일로 기사제목에 영국이라고 명기했지?? 갑자기 ''기레'''둥절 해지네..,왠일로 기사제목에 영국이라고 명기했지??갑자기 ''기레'''둥절 해지네.,,Y,N,N,,,,,,Y
C078110.json,1,0,0,0,0,0,0,0,0,2,0,Y,Y,Y,글쎄다 뭐 다 좋은말이구 잘 해보겠다는건데 ''대깨'''들과 함께 그게 잘 될런지는 모르겄다,글쎄다 뭐 다 좋은말이구 잘 해보겠다는건데 ''대깨'''들과 함께 그게 잘 될런지는 모르겄다,Y,Y,N,N,,,,,,
C087273.json,1,2,0,0,0,0,0,0,0,3,0,Y,Y,Y,"저 ''작자'''는 ''기회주의자'''로서 아주 ''교활'''하고도, ''음흉'''스러운 ''인두꺼비'''!역대 대통령자격으로도 역사에 올릴 자격도''없'''는 ''무수리''' 수준으로 전락.반드시 집권당 ''무리'''들과 함께 국민의 심판을 받아야할 것이다.
","저 작자는 기회주의자로서 아주 교활하고도, 음흉스러운 인두꺼비!역대 대통령자격으로도 역사에 올릴 자격도없는 무수리 수준으로 전락.반드시 ''집권당 무리'''들과 함께 국민의 심판을 받아야할 것이다.
",Y,Y,N,N,,,,,,
C145452.json,1,0,0,0,0,0,0,0,0,2,0,Y,Y,Y,벙개씨! #@이름#가 ''진골''' #@이름# 편인데 어쩌냐? #@이름# 사건 하듯이 재수사심의 열고 수사팀감찰해 뒤집어 보지요,''벙개'''씨! ''#@이름#'''가 진골 ''#@이름#''' 편인데 어쩌냐? ''#@이름#''' 사건 하듯이 재수사심의 열고 수사팀감찰해 뒤집어 보지요,Y,Y,N,Y,,,,,,
