speaker,message,timestamp,emotion
민우 (PM),"여러분, 오늘 예정된 마일스톤 배포 준비는 잘 진행되고 있나요?",14:00:00,기쁨
서연 (FE),어... 방금 배포 테스트 서버에서 메인 대시보드 렌더링이 깨지는 현상이 발견되었어요. 조금 당황스럽네요.,14:02:00,당황
준호 (BE),어제 API 스키마 변경 사항 반영하셨나요? 제가 백엔드 코드를 보냈는데 피드백이 없으셨던 것 같아요.,14:03:00,불안
서연 (FE),"아, 제가 확인을 늦게 했네요! 스키마가 바뀐 줄 몰랐어요. 배포 1시간 전인데 큰일이네요.",14:04:00,당황
민우 (PM),"배포 일정이 급한데 이런 일이 생기다니 조금 당황스럽지만, 지금 당장 해결 가능한 부분인가요?",14:05:00,불안
준호 (BE),바뀐 부분은 몇 가지 필드명 뿐이라서 프론트엔드에서 컴포넌트 데이터 매핑만 수정해주시면 될 겁니다.,14:07:00,안도
서연 (FE),다행이네요. 바로 수정해서 빌드 돌려볼게요. 15분 정도 걸릴 것 같습니다!,14:08:00,기쁨
지은 (UI/UX),"아! 그리고 디자인 검수 진행 중인데, 모바일 화면에서 버튼 텍스트가 잘리는 것 같아요.",14:10:00,당황
민우 (PM),모바일 뷰에서도 디자인 규격에 맞게 나오도록 수정이 가능한가요?,14:11:00,불안
지은 (UI/UX),여백 설정(padding)만 아주 살짝 줄이면 될 것 같아요. 피그마 링크 전달드립니다!,14:12:00,안도
서연 (FE),"지은님, 피그마 확인했어요! 대시보드 스키마 수정하는 김에 모바일 여백도 같이 패치해서 올릴게요.",14:15:00,기쁨
준호 (BE),"서연님, 혹시 백엔드 로그에 에러 메시지가 찍히면 저한테 바로 말씀해주세요. 대기하고 있겠습니다.",14:16:00,안도
서연 (FE),"네, 감사해요 준호님! 빌드 시작했습니다.",14:18:00,안도
민우 (PM),다들 빠르게 협조해주셔서 다행입니다. 이번 배포가 정말 중요해서 온 신경이 곤두서 있네요.,14:20:00,불안
지은 (UI/UX),"사용성 테스트 피드백이 너무 잘 나와서, 이번 업데이트 배포만 무사히 끝나면 유저들이 아주 기뻐할 것 같아요!",14:22:00,기쁨
서연 (FE),빌드가 성공했어요! 로컬 테스트에서는 렌더링 정상적으로 잘 되는 것 확인했습니다.,14:25:00,기쁨
준호 (BE),와! 고생하셨습니다. 저도 스테이징 서버 로그 확인해볼게요.,14:26:00,기쁨
민우 (PM),정말 다행이네요. 바로 스테이징 환경 배포 요청하겠습니다.,14:27:00,안도
서연 (FE),어... 그런데 왜 스테이징 서버에 반영이 안 될까요? 캐시 문제인가요?,14:32:00,당황
준호 (BE),"아, 제가 스테이징 DB 마이그레이션 스크립트를 실행 안 했었네요. 죄송합니다! 금방 할게요.",14:33:00,당황
민우 (PM),"아... 준호님, 배포 전 체크리스트에 마이그레이션이 포함되어 있었는데 빠뜨리시면 곤란합니다.",14:35:00,분노
준호 (BE),정말 죄송합니다. 마음이 급하다 보니 실수가 있었네요. 지금 바로 마이그레이션 완료했습니다!,14:36:00,슬픔
서연 (FE),이제 정상적으로 로드되는 것 확인했습니다! 버튼 여백도 모바일에서 예쁘게 잘 나오네요.,14:38:00,기쁨
지은 (UI/UX),"우와, 정말 마음에 들어요! 서연님 고생 많으셨습니다.",14:40:00,기쁨
민우 (PM),좋습니다. 검수가 끝났으니 프로덕션 배포 진행하겠습니다.,14:45:00,안도
준호 (BE),프로덕션 서버 모니터링 시작했습니다. CPU랑 메모리 다 안정적이네요.,14:47:00,안도
서연 (FE),"네, 프로덕션 페이지 접속도 원활하고 기능 동작도 아주 매끄러워요!",14:50:00,기쁨
지은 (UI/UX),"고생 많으셨습니다, 모두들! 오늘 밤은 두 다리 뻗고 잘 수 있겠어요.",14:52:00,기쁨
민우 (PM),다들 너무 고생하셨습니다. 내일 점심은 맛있는 거 먹으러 가요!,14:55:00,기쁨
준호 (BE),좋습니다! 다들 푹 쉬시고 내일 뵙겠습니다!,15:00:00,기쁨
